"speed","period","warning","pair"
"1",26,1,1,1
"2",26,1,1,1
"3",26,1,1,1
"4",26,1,1,1
"5",27,1,1,1
"6",28,1,1,1
"7",28,1,1,1
"8",28,1,1,1
"9",28,1,1,1
"10",29,1,1,1
"11",29,1,1,1
"12",29,1,1,1
"13",29,1,1,1
"14",29,1,1,1
"15",29,1,1,1
"16",29,1,1,1
"17",29,1,1,1
"18",30,1,1,1
"19",30,1,1,1
"20",30,1,1,1
"21",31,1,1,1
"22",31,1,1,1
"23",31,1,1,1
"24",31,1,1,1
"25",31,1,1,1
"26",31,1,1,1
"27",31,1,1,1
"28",31,1,1,1
"29",31,1,1,1
"30",31,1,1,1
"31",32,1,1,1
"32",32,1,1,1
"33",32,1,1,1
"34",32,1,1,1
"35",32,1,1,1
"36",32,1,1,1
"37",32,1,1,1
"38",32,1,1,1
"39",32,1,1,1
"40",32,1,1,1
"41",33,1,1,1
"42",33,1,1,1
"43",33,1,1,1
"44",33,1,1,1
"45",33,1,1,1
"46",33,1,1,1
"47",34,1,1,1
"48",34,1,1,1
"49",34,1,1,1
"50",34,1,1,1
"51",34,1,1,1
"52",34,1,1,1
"53",34,1,1,1
"54",34,1,1,1
"55",34,1,1,1
"56",35,1,1,1
"57",35,1,1,1
"58",35,1,1,1
"59",35,1,1,1
"60",36,1,1,1
"61",36,1,1,1
"62",36,1,1,1
"63",36,1,1,1
"64",36,1,1,1
"65",36,1,1,1
"66",36,1,1,1
"67",36,1,1,1
"68",36,1,1,1
"69",36,1,1,1
"70",37,1,1,1
"71",37,1,1,1
"72",37,1,1,1
"73",37,1,1,1
"74",37,1,1,1
"75",37,1,1,1
"76",38,1,1,1
"77",38,1,1,1
"78",38,1,1,1
"79",38,1,1,1
"80",38,1,1,1
"81",38,1,1,1
"82",38,1,1,1
"83",38,1,1,1
"84",39,1,1,1
"85",39,1,1,1
"86",39,1,1,1
"87",40,1,1,1
"88",40,1,1,1
"89",41,1,1,1
"90",42,1,1,1
"91",43,1,1,1
"92",43,1,1,1
"93",43,1,1,1
"94",44,1,1,1
"95",44,1,1,1
"96",45,1,1,1
"97",45,1,1,1
"98",46,1,1,1
"99",46,1,1,1
"100",49,1,1,1
"101",26,2,1,1
"102",27,2,1,1
"103",28,2,1,1
"104",28,2,1,1
"105",29,2,1,1
"106",29,2,1,1
"107",29,2,1,1
"108",29,2,1,1
"109",30,2,1,1
"110",30,2,1,1
"111",30,2,1,1
"112",31,2,1,1
"113",31,2,1,1
"114",31,2,1,1
"115",31,2,1,1
"116",31,2,1,1
"117",31,2,1,1
"118",31,2,1,1
"119",31,2,1,1
"120",31,2,1,1
"121",31,2,1,1
"122",31,2,1,1
"123",32,2,1,1
"124",32,2,1,1
"125",32,2,1,1
"126",32,2,1,1
"127",32,2,1,1
"128",32,2,1,1
"129",32,2,1,1
"130",32,2,1,1
"131",33,2,1,1
"132",33,2,1,1
"133",33,2,1,1
"134",33,2,1,1
"135",33,2,1,1
"136",34,2,1,1
"137",34,2,1,1
"138",34,2,1,1
"139",34,2,1,1
"140",35,2,1,1
"141",35,2,1,1
"142",35,2,1,1
"143",35,2,1,1
"144",35,2,1,1
"145",35,2,1,1
"146",35,2,1,1
"147",35,2,1,1
"148",35,2,1,1
"149",35,2,1,1
"150",35,2,1,1
"151",36,2,1,1
"152",36,2,1,1
"153",36,2,1,1
"154",36,2,1,1
"155",36,2,1,1
"156",36,2,1,1
"157",36,2,1,1
"158",36,2,1,1
"159",36,2,1,1
"160",36,2,1,1
"161",36,2,1,1
"162",36,2,1,1
"163",37,2,1,1
"164",37,2,1,1
"165",37,2,1,1
"166",37,2,1,1
"167",38,2,1,1
"168",38,2,1,1
"169",38,2,1,1
"170",38,2,1,1
"171",38,2,1,1
"172",38,2,1,1
"173",38,2,1,1
"174",39,2,1,1
"175",39,2,1,1
"176",39,2,1,1
"177",40,2,1,1
"178",40,2,1,1
"179",40,2,1,1
"180",40,2,1,1
"181",40,2,1,1
"182",40,2,1,1
"183",41,2,1,1
"184",41,2,1,1
"185",41,2,1,1
"186",42,2,1,1
"187",42,2,1,1
"188",42,2,1,1
"189",43,2,1,1
"190",43,2,1,1
"191",43,2,1,1
"192",44,2,1,1
"193",44,2,1,1
"194",45,2,1,1
"195",45,2,1,1
"196",45,2,1,1
"197",48,2,1,1
"198",48,2,1,1
"199",48,2,1,1
"200",51,2,1,1
"201",21,1,2,1
"202",25,1,2,1
"203",25,1,2,1
"204",26,1,2,1
"205",26,1,2,1
"206",26,1,2,1
"207",26,1,2,1
"208",26,1,2,1
"209",27,1,2,1
"210",28,1,2,1
"211",28,1,2,1
"212",28,1,2,1
"213",28,1,2,1
"214",28,1,2,1
"215",28,1,2,1
"216",28,1,2,1
"217",29,1,2,1
"218",29,1,2,1
"219",29,1,2,1
"220",29,1,2,1
"221",29,1,2,1
"222",29,1,2,1
"223",30,1,2,1
"224",30,1,2,1
"225",31,1,2,1
"226",31,1,2,1
"227",31,1,2,1
"228",31,1,2,1
"229",31,1,2,1
"230",31,1,2,1
"231",31,1,2,1
"232",31,1,2,1
"233",31,1,2,1
"234",31,1,2,1
"235",32,1,2,1
"236",32,1,2,1
"237",32,1,2,1
"238",33,1,2,1
"239",33,1,2,1
"240",33,1,2,1
"241",33,1,2,1
"242",33,1,2,1
"243",33,1,2,1
"244",33,1,2,1
"245",34,1,2,1
"246",34,1,2,1
"247",34,1,2,1
"248",34,1,2,1
"249",34,1,2,1
"250",34,1,2,1
"251",34,1,2,1
"252",34,1,2,1
"253",34,1,2,1
"254",35,1,2,1
"255",35,1,2,1
"256",35,1,2,1
"257",35,1,2,1
"258",35,1,2,1
"259",35,1,2,1
"260",36,1,2,1
"261",36,1,2,1
"262",36,1,2,1
"263",36,1,2,1
"264",36,1,2,1
"265",36,1,2,1
"266",37,1,2,1
"267",37,1,2,1
"268",37,1,2,1
"269",37,1,2,1
"270",37,1,2,1
"271",37,1,2,1
"272",37,1,2,1
"273",37,1,2,1
"274",37,1,2,1
"275",37,1,2,1
"276",37,1,2,1
"277",38,1,2,1
"278",38,1,2,1
"279",38,1,2,1
"280",38,1,2,1
"281",38,1,2,1
"282",39,1,2,1
"283",39,1,2,1
"284",39,1,2,1
"285",39,1,2,1
"286",40,1,2,1
"287",40,1,2,1
"288",40,1,2,1
"289",40,1,2,1
"290",40,1,2,1
"291",41,1,2,1
"292",41,1,2,1
"293",41,1,2,1
"294",41,1,2,1
"295",41,1,2,1
"296",43,1,2,1
"297",45,1,2,1
"298",45,1,2,1
"299",48,1,2,1
"300",51,1,2,1
"301",28,2,2,1
"302",29,2,2,1
"303",30,2,2,1
"304",30,2,2,1
"305",31,2,2,1
"306",31,2,2,1
"307",31,2,2,1
"308",31,2,2,1
"309",31,2,2,1
"310",31,2,2,1
"311",31,2,2,1
"312",32,2,2,1
"313",32,2,2,1
"314",32,2,2,1
"315",33,2,2,1
"316",33,2,2,1
"317",33,2,2,1
"318",33,2,2,1
"319",33,2,2,1
"320",33,2,2,1
"321",33,2,2,1
"322",33,2,2,1
"323",33,2,2,1
"324",33,2,2,1
"325",35,2,2,1
"326",35,2,2,1
"327",35,2,2,1
"328",35,2,2,1
"329",36,2,2,1
"330",36,2,2,1
"331",36,2,2,1
"332",36,2,2,1
"333",36,2,2,1
"334",36,2,2,1
"335",36,2,2,1
"336",36,2,2,1
"337",37,2,2,1
"338",37,2,2,1
"339",38,2,2,1
"340",38,2,2,1
"341",38,2,2,1
"342",38,2,2,1
"343",38,2,2,1
"344",38,2,2,1
"345",38,2,2,1
"346",38,2,2,1
"347",38,2,2,1
"348",38,2,2,1
"349",38,2,2,1
"350",38,2,2,1
"351",38,2,2,1
"352",38,2,2,1
"353",38,2,2,1
"354",39,2,2,1
"355",39,2,2,1
"356",39,2,2,1
"357",39,2,2,1
"358",39,2,2,1
"359",39,2,2,1
"360",40,2,2,1
"361",40,2,2,1
"362",40,2,2,1
"363",40,2,2,1
"364",40,2,2,1
"365",40,2,2,1
"366",40,2,2,1
"367",40,2,2,1
"368",40,2,2,1
"369",40,2,2,1
"370",41,2,2,1
"371",42,2,2,1
"372",42,2,2,1
"373",42,2,2,1
"374",42,2,2,1
"375",42,2,2,1
"376",43,2,2,1
"377",43,2,2,1
"378",43,2,2,1
"379",43,2,2,1
"380",43,2,2,1
"381",44,2,2,1
"382",44,2,2,1
"383",44,2,2,1
"384",45,2,2,1
"385",45,2,2,1
"386",45,2,2,1
"387",45,2,2,1
"388",45,2,2,1
"389",45,2,2,1
"390",45,2,2,1
"391",46,2,2,1
"392",46,2,2,1
"393",46,2,2,1
"394",46,2,2,1
"395",47,2,2,1
"396",48,2,2,1
"397",48,2,2,1
"398",50,2,2,1
"399",53,2,2,1
"400",56,2,2,1
"401",25,1,1,2
"402",28,1,1,2
"403",31,1,1,2
"404",31,1,1,2
"405",32,1,1,2
"406",32,1,1,2
"407",33,1,1,2
"408",33,1,1,2
"409",33,1,1,2
"410",33,1,1,2
"411",33,1,1,2
"412",33,1,1,2
"413",33,1,1,2
"414",34,1,1,2
"415",34,1,1,2
"416",34,1,1,2
"417",34,1,1,2
"418",34,1,1,2
"419",34,1,1,2
"420",34,1,1,2
"421",35,1,1,2
"422",35,1,1,2
"423",35,1,1,2
"424",35,1,1,2
"425",35,1,1,2
"426",35,1,1,2
"427",35,1,1,2
"428",35,1,1,2
"429",35,1,1,2
"430",35,1,1,2
"431",36,1,1,2
"432",36,1,1,2
"433",36,1,1,2
"434",36,1,1,2
"435",36,1,1,2
"436",36,1,1,2
"437",36,1,1,2
"438",36,1,1,2
"439",36,1,1,2
"440",36,1,1,2
"441",37,1,1,2
"442",37,1,1,2
"443",37,1,1,2
"444",37,1,1,2
"445",37,1,1,2
"446",37,1,1,2
"447",38,1,1,2
"448",38,1,1,2
"449",38,1,1,2
"450",38,1,1,2
"451",38,1,1,2
"452",38,1,1,2
"453",39,1,1,2
"454",39,1,1,2
"455",39,1,1,2
"456",39,1,1,2
"457",39,1,1,2
"458",39,1,1,2
"459",39,1,1,2
"460",39,1,1,2
"461",39,1,1,2
"462",39,1,1,2
"463",40,1,1,2
"464",40,1,1,2
"465",40,1,1,2
"466",40,1,1,2
"467",40,1,1,2
"468",40,1,1,2
"469",41,1,1,2
"470",41,1,1,2
"471",41,1,1,2
"472",42,1,1,2
"473",42,1,1,2
"474",42,1,1,2
"475",42,1,1,2
"476",42,1,1,2
"477",43,1,1,2
"478",43,1,1,2
"479",43,1,1,2
"480",43,1,1,2
"481",43,1,1,2
"482",44,1,1,2
"483",44,1,1,2
"484",44,1,1,2
"485",45,1,1,2
"486",45,1,1,2
"487",45,1,1,2
"488",46,1,1,2
"489",46,1,1,2
"490",46,1,1,2
"491",46,1,1,2
"492",47,1,1,2
"493",47,1,1,2
"494",48,1,1,2
"495",50,1,1,2
"496",50,1,1,2
"497",52,1,1,2
"498",53,1,1,2
"499",54,1,1,2
"500",57,1,1,2
"501",27,2,1,2
"502",29,2,1,2
"503",31,2,1,2
"504",32,2,1,2
"505",32,2,1,2
"506",32,2,1,2
"507",32,2,1,2
"508",33,2,1,2
"509",33,2,1,2
"510",33,2,1,2
"511",33,2,1,2
"512",34,2,1,2
"513",34,2,1,2
"514",34,2,1,2
"515",34,2,1,2
"516",34,2,1,2
"517",35,2,1,2
"518",35,2,1,2
"519",35,2,1,2
"520",35,2,1,2
"521",35,2,1,2
"522",35,2,1,2
"523",35,2,1,2
"524",35,2,1,2
"525",35,2,1,2
"526",35,2,1,2
"527",36,2,1,2
"528",36,2,1,2
"529",36,2,1,2
"530",36,2,1,2
"531",36,2,1,2
"532",36,2,1,2
"533",36,2,1,2
"534",36,2,1,2
"535",37,2,1,2
"536",37,2,1,2
"537",37,2,1,2
"538",37,2,1,2
"539",37,2,1,2
"540",37,2,1,2
"541",37,2,1,2
"542",37,2,1,2
"543",38,2,1,2
"544",38,2,1,2
"545",38,2,1,2
"546",38,2,1,2
"547",38,2,1,2
"548",38,2,1,2
"549",38,2,1,2
"550",38,2,1,2
"551",38,2,1,2
"552",39,2,1,2
"553",39,2,1,2
"554",39,2,1,2
"555",39,2,1,2
"556",39,2,1,2
"557",39,2,1,2
"558",39,2,1,2
"559",39,2,1,2
"560",39,2,1,2
"561",39,2,1,2
"562",39,2,1,2
"563",40,2,1,2
"564",40,2,1,2
"565",40,2,1,2
"566",40,2,1,2
"567",40,2,1,2
"568",40,2,1,2
"569",40,2,1,2
"570",40,2,1,2
"571",40,2,1,2
"572",40,2,1,2
"573",41,2,1,2
"574",41,2,1,2
"575",41,2,1,2
"576",41,2,1,2
"577",41,2,1,2
"578",41,2,1,2
"579",41,2,1,2
"580",41,2,1,2
"581",41,2,1,2
"582",41,2,1,2
"583",41,2,1,2
"584",42,2,1,2
"585",42,2,1,2
"586",42,2,1,2
"587",42,2,1,2
"588",42,2,1,2
"589",42,2,1,2
"590",43,2,1,2
"591",43,2,1,2
"592",43,2,1,2
"593",43,2,1,2
"594",43,2,1,2
"595",45,2,1,2
"596",46,2,1,2
"597",46,2,1,2
"598",50,2,1,2
"599",50,2,1,2
"600",51,2,1,2
"601",22,1,2,2
"602",22,1,2,2
"603",23,1,2,2
"604",24,1,2,2
"605",24,1,2,2
"606",25,1,2,2
"607",25,1,2,2
"608",25,1,2,2
"609",25,1,2,2
"610",26,1,2,2
"611",26,1,2,2
"612",26,1,2,2
"613",26,1,2,2
"614",26,1,2,2
"615",27,1,2,2
"616",27,1,2,2
"617",27,1,2,2
"618",27,1,2,2
"619",27,1,2,2
"620",27,1,2,2
"621",27,1,2,2
"622",27,1,2,2
"623",27,1,2,2
"624",27,1,2,2
"625",28,1,2,2
"626",28,1,2,2
"627",28,1,2,2
"628",28,1,2,2
"629",28,1,2,2
"630",28,1,2,2
"631",28,1,2,2
"632",28,1,2,2
"633",28,1,2,2
"634",28,1,2,2
"635",28,1,2,2
"636",29,1,2,2
"637",29,1,2,2
"638",29,1,2,2
"639",29,1,2,2
"640",29,1,2,2
"641",29,1,2,2
"642",29,1,2,2
"643",29,1,2,2
"644",29,1,2,2
"645",29,1,2,2
"646",29,1,2,2
"647",29,1,2,2
"648",29,1,2,2
"649",30,1,2,2
"650",30,1,2,2
"651",30,1,2,2
"652",30,1,2,2
"653",30,1,2,2
"654",30,1,2,2
"655",30,1,2,2
"656",30,1,2,2
"657",30,1,2,2
"658",30,1,2,2
"659",31,1,2,2
"660",31,1,2,2
"661",31,1,2,2
"662",31,1,2,2
"663",31,1,2,2
"664",31,1,2,2
"665",32,1,2,2
"666",32,1,2,2
"667",32,1,2,2
"668",32,1,2,2
"669",32,1,2,2
"670",32,1,2,2
"671",32,1,2,2
"672",32,1,2,2
"673",32,1,2,2
"674",33,1,2,2
"675",33,1,2,2
"676",33,1,2,2
"677",33,1,2,2
"678",33,1,2,2
"679",33,1,2,2
"680",33,1,2,2
"681",34,1,2,2
"682",34,1,2,2
"683",34,1,2,2
"684",34,1,2,2
"685",34,1,2,2
"686",34,1,2,2
"687",34,1,2,2
"688",34,1,2,2
"689",34,1,2,2
"690",35,1,2,2
"691",35,1,2,2
"692",36,1,2,2
"693",36,1,2,2
"694",36,1,2,2
"695",37,1,2,2
"696",38,1,2,2
"697",38,1,2,2
"698",39,1,2,2
"699",42,1,2,2
"700",42,1,2,2
"701",25,2,2,2
"702",26,2,2,2
"703",27,2,2,2
"704",28,2,2,2
"705",28,2,2,2
"706",28,2,2,2
"707",28,2,2,2
"708",28,2,2,2
"709",28,2,2,2
"710",28,2,2,2
"711",29,2,2,2
"712",29,2,2,2
"713",29,2,2,2
"714",29,2,2,2
"715",29,2,2,2
"716",29,2,2,2
"717",29,2,2,2
"718",29,2,2,2
"719",30,2,2,2
"720",30,2,2,2
"721",30,2,2,2
"722",30,2,2,2
"723",30,2,2,2
"724",30,2,2,2
"725",30,2,2,2
"726",31,2,2,2
"727",31,2,2,2
"728",31,2,2,2
"729",31,2,2,2
"730",31,2,2,2
"731",31,2,2,2
"732",31,2,2,2
"733",31,2,2,2
"734",31,2,2,2
"735",32,2,2,2
"736",32,2,2,2
"737",32,2,2,2
"738",32,2,2,2
"739",32,2,2,2
"740",32,2,2,2
"741",33,2,2,2
"742",33,2,2,2
"743",34,2,2,2
"744",34,2,2,2
"745",34,2,2,2
"746",34,2,2,2
"747",34,2,2,2
"748",34,2,2,2
"749",34,2,2,2
"750",34,2,2,2
"751",35,2,2,2
"752",35,2,2,2
"753",35,2,2,2
"754",35,2,2,2
"755",35,2,2,2
"756",35,2,2,2
"757",35,2,2,2
"758",35,2,2,2
"759",35,2,2,2
"760",35,2,2,2
"761",35,2,2,2
"762",35,2,2,2
"763",35,2,2,2
"764",35,2,2,2
"765",36,2,2,2
"766",36,2,2,2
"767",36,2,2,2
"768",36,2,2,2
"769",36,2,2,2
"770",36,2,2,2
"771",36,2,2,2
"772",37,2,2,2
"773",37,2,2,2
"774",37,2,2,2
"775",38,2,2,2
"776",38,2,2,2
"777",38,2,2,2
"778",39,2,2,2
"779",40,2,2,2
"780",40,2,2,2
"781",40,2,2,2
"782",40,2,2,2
"783",40,2,2,2
"784",40,2,2,2
"785",41,2,2,2
"786",41,2,2,2
"787",41,2,2,2
"788",42,2,2,2
"789",44,2,2,2
"790",44,2,2,2
"791",44,2,2,2
"792",44,2,2,2
"793",45,2,2,2
"794",46,2,2,2
"795",47,2,2,2
"796",47,2,2,2
"797",50,2,2,2
"798",50,2,2,2
"799",51,2,2,2
"800",52,2,2,2
"801",26,1,1,5
"802",26,1,1,5
"803",26,1,1,5
"804",26,1,1,5
"805",27,1,1,5
"806",30,1,1,5
"807",30,1,1,5
"808",31,1,1,5
"809",31,1,1,5
"810",31,1,1,5
"811",31,1,1,5
"812",31,1,1,5
"813",31,1,1,5
"814",31,1,1,5
"815",31,1,1,5
"816",31,1,1,5
"817",32,1,1,5
"818",32,1,1,5
"819",32,1,1,5
"820",32,1,1,5
"821",32,1,1,5
"822",33,1,1,5
"823",33,1,1,5
"824",33,1,1,5
"825",33,1,1,5
"826",33,1,1,5
"827",33,1,1,5
"828",34,1,1,5
"829",34,1,1,5
"830",34,1,1,5
"831",34,1,1,5
"832",34,1,1,5
"833",34,1,1,5
"834",34,1,1,5
"835",34,1,1,5
"836",34,1,1,5
"837",34,1,1,5
"838",34,1,1,5
"839",34,1,1,5
"840",35,1,1,5
"841",35,1,1,5
"842",36,1,1,5
"843",36,1,1,5
"844",36,1,1,5
"845",36,1,1,5
"846",36,1,1,5
"847",36,1,1,5
"848",36,1,1,5
"849",36,1,1,5
"850",36,1,1,5
"851",36,1,1,5
"852",36,1,1,5
"853",37,1,1,5
"854",37,1,1,5
"855",37,1,1,5
"856",37,1,1,5
"857",37,1,1,5
"858",37,1,1,5
"859",38,1,1,5
"860",38,1,1,5
"861",38,1,1,5
"862",38,1,1,5
"863",38,1,1,5
"864",38,1,1,5
"865",39,1,1,5
"866",39,1,1,5
"867",39,1,1,5
"868",39,1,1,5
"869",39,1,1,5
"870",39,1,1,5
"871",39,1,1,5
"872",39,1,1,5
"873",39,1,1,5
"874",40,1,1,5
"875",40,1,1,5
"876",40,1,1,5
"877",41,1,1,5
"878",41,1,1,5
"879",41,1,1,5
"880",41,1,1,5
"881",42,1,1,5
"882",42,1,1,5
"883",42,1,1,5
"884",42,1,1,5
"885",42,1,1,5
"886",42,1,1,5
"887",42,1,1,5
"888",42,1,1,5
"889",43,1,1,5
"890",43,1,1,5
"891",43,1,1,5
"892",43,1,1,5
"893",43,1,1,5
"894",44,1,1,5
"895",46,1,1,5
"896",46,1,1,5
"897",46,1,1,5
"898",46,1,1,5
"899",46,1,1,5
"900",49,1,1,5
"901",24,2,1,5
"902",26,2,1,5
"903",27,2,1,5
"904",27,2,1,5
"905",28,2,1,5
"906",28,2,1,5
"907",28,2,1,5
"908",28,2,1,5
"909",28,2,1,5
"910",28,2,1,5
"911",29,2,1,5
"912",29,2,1,5
"913",29,2,1,5
"914",30,2,1,5
"915",30,2,1,5
"916",30,2,1,5
"917",30,2,1,5
"918",30,2,1,5
"919",30,2,1,5
"920",30,2,1,5
"921",30,2,1,5
"922",30,2,1,5
"923",30,2,1,5
"924",30,2,1,5
"925",30,2,1,5
"926",30,2,1,5
"927",30,2,1,5
"928",30,2,1,5
"929",31,2,1,5
"930",31,2,1,5
"931",31,2,1,5
"932",31,2,1,5
"933",31,2,1,5
"934",31,2,1,5
"935",31,2,1,5
"936",31,2,1,5
"937",31,2,1,5
"938",31,2,1,5
"939",32,2,1,5
"940",32,2,1,5
"941",32,2,1,5
"942",32,2,1,5
"943",32,2,1,5
"944",32,2,1,5
"945",32,2,1,5
"946",32,2,1,5
"947",32,2,1,5
"948",33,2,1,5
"949",33,2,1,5
"950",33,2,1,5
"951",33,2,1,5
"952",33,2,1,5
"953",33,2,1,5
"954",33,2,1,5
"955",33,2,1,5
"956",33,2,1,5
"957",33,2,1,5
"958",33,2,1,5
"959",34,2,1,5
"960",34,2,1,5
"961",34,2,1,5
"962",34,2,1,5
"963",34,2,1,5
"964",34,2,1,5
"965",35,2,1,5
"966",35,2,1,5
"967",35,2,1,5
"968",35,2,1,5
"969",36,2,1,5
"970",36,2,1,5
"971",36,2,1,5
"972",36,2,1,5
"973",36,2,1,5
"974",36,2,1,5
"975",36,2,1,5
"976",36,2,1,5
"977",37,2,1,5
"978",37,2,1,5
"979",37,2,1,5
"980",37,2,1,5
"981",37,2,1,5
"982",38,2,1,5
"983",38,2,1,5
"984",38,2,1,5
"985",39,2,1,5
"986",39,2,1,5
"987",40,2,1,5
"988",40,2,1,5
"989",40,2,1,5
"990",42,2,1,5
"991",42,2,1,5
"992",43,2,1,5
"993",44,2,1,5
"994",44,2,1,5
"995",45,2,1,5
"996",45,2,1,5
"997",46,2,1,5
"998",46,2,1,5
"999",50,2,1,5
"1000",58,2,1,5
"1001",22,1,1,7
"1002",22,1,1,7
"1003",22,1,1,7
"1004",24,1,1,7
"1005",24,1,1,7
"1006",24,1,1,7
"1007",24,1,1,7
"1008",24,1,1,7
"1009",24,1,1,7
"1010",25,1,1,7
"1011",25,1,1,7
"1012",25,1,1,7
"1013",26,1,1,7
"1014",26,1,1,7
"1015",26,1,1,7
"1016",26,1,1,7
"1017",26,1,1,7
"1018",26,1,1,7
"1019",26,1,1,7
"1020",26,1,1,7
"1021",26,1,1,7
"1022",26,1,1,7
"1023",26,1,1,7
"1024",27,1,1,7
"1025",27,1,1,7
"1026",27,1,1,7
"1027",27,1,1,7
"1028",27,1,1,7
"1029",27,1,1,7
"1030",27,1,1,7
"1031",28,1,1,7
"1032",28,1,1,7
"1033",28,1,1,7
"1034",28,1,1,7
"1035",28,1,1,7
"1036",28,1,1,7
"1037",28,1,1,7
"1038",28,1,1,7
"1039",28,1,1,7
"1040",28,1,1,7
"1041",28,1,1,7
"1042",28,1,1,7
"1043",29,1,1,7
"1044",29,1,1,7
"1045",29,1,1,7
"1046",29,1,1,7
"1047",29,1,1,7
"1048",29,1,1,7
"1049",29,1,1,7
"1050",29,1,1,7
"1051",29,1,1,7
"1052",30,1,1,7
"1053",30,1,1,7
"1054",30,1,1,7
"1055",30,1,1,7
"1056",30,1,1,7
"1057",30,1,1,7
"1058",30,1,1,7
"1059",30,1,1,7
"1060",31,1,1,7
"1061",31,1,1,7
"1062",31,1,1,7
"1063",31,1,1,7
"1064",31,1,1,7
"1065",31,1,1,7
"1066",31,1,1,7
"1067",31,1,1,7
"1068",32,1,1,7
"1069",32,1,1,7
"1070",32,1,1,7
"1071",32,1,1,7
"1072",32,1,1,7
"1073",32,1,1,7
"1074",33,1,1,7
"1075",33,1,1,7
"1076",33,1,1,7
"1077",33,1,1,7
"1078",33,1,1,7
"1079",34,1,1,7
"1080",34,1,1,7
"1081",34,1,1,7
"1082",34,1,1,7
"1083",34,1,1,7
"1084",34,1,1,7
"1085",34,1,1,7
"1086",34,1,1,7
"1087",35,1,1,7
"1088",35,1,1,7
"1089",35,1,1,7
"1090",35,1,1,7
"1091",35,1,1,7
"1092",36,1,1,7
"1093",36,1,1,7
"1094",36,1,1,7
"1095",36,1,1,7
"1096",37,1,1,7
"1097",37,1,1,7
"1098",38,1,1,7
"1099",38,1,1,7
"1100",43,1,1,7
"1101",19,2,1,7
"1102",20,2,1,7
"1103",21,2,1,7
"1104",21,2,1,7
"1105",22,2,1,7
"1106",22,2,1,7
"1107",22,2,1,7
"1108",23,2,1,7
"1109",23,2,1,7
"1110",23,2,1,7
"1111",23,2,1,7
"1112",23,2,1,7
"1113",24,2,1,7
"1114",24,2,1,7
"1115",24,2,1,7
"1116",24,2,1,7
"1117",24,2,1,7
"1118",24,2,1,7
"1119",24,2,1,7
"1120",24,2,1,7
"1121",24,2,1,7
"1122",24,2,1,7
"1123",25,2,1,7
"1124",25,2,1,7
"1125",25,2,1,7
"1126",25,2,1,7
"1127",25,2,1,7
"1128",25,2,1,7
"1129",26,2,1,7
"1130",26,2,1,7
"1131",26,2,1,7
"1132",26,2,1,7
"1133",26,2,1,7
"1134",26,2,1,7
"1135",26,2,1,7
"1136",26,2,1,7
"1137",26,2,1,7
"1138",26,2,1,7
"1139",26,2,1,7
"1140",26,2,1,7
"1141",27,2,1,7
"1142",27,2,1,7
"1143",27,2,1,7
"1144",27,2,1,7
"1145",27,2,1,7
"1146",27,2,1,7
"1147",28,2,1,7
"1148",28,2,1,7
"1149",28,2,1,7
"1150",28,2,1,7
"1151",28,2,1,7
"1152",28,2,1,7
"1153",28,2,1,7
"1154",28,2,1,7
"1155",28,2,1,7
"1156",28,2,1,7
"1157",28,2,1,7
"1158",28,2,1,7
"1159",28,2,1,7
"1160",28,2,1,7
"1161",28,2,1,7
"1162",28,2,1,7
"1163",29,2,1,7
"1164",29,2,1,7
"1165",29,2,1,7
"1166",29,2,1,7
"1167",29,2,1,7
"1168",29,2,1,7
"1169",29,2,1,7
"1170",29,2,1,7
"1171",29,2,1,7
"1172",29,2,1,7
"1173",30,2,1,7
"1174",30,2,1,7
"1175",30,2,1,7
"1176",30,2,1,7
"1177",30,2,1,7
"1178",30,2,1,7
"1179",30,2,1,7
"1180",31,2,1,7
"1181",31,2,1,7
"1182",32,2,1,7
"1183",32,2,1,7
"1184",32,2,1,7
"1185",32,2,1,7
"1186",32,2,1,7
"1187",32,2,1,7
"1188",32,2,1,7
"1189",33,2,1,7
"1190",33,2,1,7
"1191",34,2,1,7
"1192",34,2,1,7
"1193",34,2,1,7
"1194",34,2,1,7
"1195",34,2,1,7
"1196",34,2,1,7
"1197",36,2,1,7
"1198",36,2,1,7
"1199",36,2,1,7
"1200",37,2,1,7
"1201",32,1,2,7
"1202",34,1,2,7
"1203",34,1,2,7
"1204",34,1,2,7
"1205",34,1,2,7
"1206",34,1,2,7
"1207",35,1,2,7
"1208",36,1,2,7
"1209",36,1,2,7
"1210",37,1,2,7
"1211",37,1,2,7
"1212",37,1,2,7
"1213",37,1,2,7
"1214",37,1,2,7
"1215",38,1,2,7
"1216",38,1,2,7
"1217",38,1,2,7
"1218",38,1,2,7
"1219",38,1,2,7
"1220",38,1,2,7
"1221",38,1,2,7
"1222",38,1,2,7
"1223",38,1,2,7
"1224",38,1,2,7
"1225",38,1,2,7
"1226",38,1,2,7
"1227",38,1,2,7
"1228",38,1,2,7
"1229",39,1,2,7
"1230",39,1,2,7
"1231",39,1,2,7
"1232",40,1,2,7
"1233",40,1,2,7
"1234",40,1,2,7
"1235",40,1,2,7
"1236",40,1,2,7
"1237",40,1,2,7
"1238",40,1,2,7
"1239",40,1,2,7
"1240",40,1,2,7
"1241",40,1,2,7
"1242",40,1,2,7
"1243",41,1,2,7
"1244",41,1,2,7
"1245",41,1,2,7
"1246",41,1,2,7
"1247",41,1,2,7
"1248",42,1,2,7
"1249",42,1,2,7
"1250",42,1,2,7
"1251",42,1,2,7
"1252",42,1,2,7
"1253",42,1,2,7
"1254",42,1,2,7
"1255",43,1,2,7
"1256",43,1,2,7
"1257",43,1,2,7
"1258",43,1,2,7
"1259",43,1,2,7
"1260",44,1,2,7
"1261",44,1,2,7
"1262",44,1,2,7
"1263",44,1,2,7
"1264",44,1,2,7
"1265",44,1,2,7
"1266",44,1,2,7
"1267",44,1,2,7
"1268",45,1,2,7
"1269",45,1,2,7
"1270",45,1,2,7
"1271",45,1,2,7
"1272",45,1,2,7
"1273",45,1,2,7
"1274",45,1,2,7
"1275",45,1,2,7
"1276",45,1,2,7
"1277",45,1,2,7
"1278",45,1,2,7
"1279",46,1,2,7
"1280",46,1,2,7
"1281",46,1,2,7
"1282",46,1,2,7
"1283",46,1,2,7
"1284",46,1,2,7
"1285",47,1,2,7
"1286",47,1,2,7
"1287",47,1,2,7
"1288",47,1,2,7
"1289",48,1,2,7
"1290",48,1,2,7
"1291",48,1,2,7
"1292",48,1,2,7
"1293",48,1,2,7
"1294",48,1,2,7
"1295",49,1,2,7
"1296",51,1,2,7
"1297",53,1,2,7
"1298",54,1,2,7
"1299",55,1,2,7
"1300",56,1,2,7
"1301",31,2,2,7
"1302",32,2,2,7
"1303",33,2,2,7
"1304",33,2,2,7
"1305",33,2,2,7
"1306",33,2,2,7
"1307",35,2,2,7
"1308",35,2,2,7
"1309",35,2,2,7
"1310",36,2,2,7
"1311",36,2,2,7
"1312",36,2,2,7
"1313",36,2,2,7
"1314",36,2,2,7
"1315",37,2,2,7
"1316",37,2,2,7
"1317",37,2,2,7
"1318",38,2,2,7
"1319",38,2,2,7
"1320",38,2,2,7
"1321",38,2,2,7
"1322",38,2,2,7
"1323",38,2,2,7
"1324",38,2,2,7
"1325",39,2,2,7
"1326",39,2,2,7
"1327",40,2,2,7
"1328",40,2,2,7
"1329",40,2,2,7
"1330",40,2,2,7
"1331",40,2,2,7
"1332",40,2,2,7
"1333",40,2,2,7
"1334",40,2,2,7
"1335",41,2,2,7
"1336",41,2,2,7
"1337",41,2,2,7
"1338",41,2,2,7
"1339",41,2,2,7
"1340",41,2,2,7
"1341",42,2,2,7
"1342",42,2,2,7
"1343",42,2,2,7
"1344",42,2,2,7
"1345",42,2,2,7
"1346",42,2,2,7
"1347",42,2,2,7
"1348",42,2,2,7
"1349",42,2,2,7
"1350",43,2,2,7
"1351",43,2,2,7
"1352",43,2,2,7
"1353",43,2,2,7
"1354",43,2,2,7
"1355",43,2,2,7
"1356",43,2,2,7
"1357",43,2,2,7
"1358",43,2,2,7
"1359",43,2,2,7
"1360",43,2,2,7
"1361",43,2,2,7
"1362",43,2,2,7
"1363",44,2,2,7
"1364",44,2,2,7
"1365",44,2,2,7
"1366",44,2,2,7
"1367",44,2,2,7
"1368",45,2,2,7
"1369",45,2,2,7
"1370",45,2,2,7
"1371",45,2,2,7
"1372",45,2,2,7
"1373",45,2,2,7
"1374",45,2,2,7
"1375",46,2,2,7
"1376",46,2,2,7
"1377",46,2,2,7
"1378",46,2,2,7
"1379",46,2,2,7
"1380",46,2,2,7
"1381",46,2,2,7
"1382",46,2,2,7
"1383",46,2,2,7
"1384",46,2,2,7
"1385",47,2,2,7
"1386",47,2,2,7
"1387",47,2,2,7
"1388",47,2,2,7
"1389",48,2,2,7
"1390",48,2,2,7
"1391",49,2,2,7
"1392",49,2,2,7
"1393",49,2,2,7
"1394",49,2,2,7
"1395",49,2,2,7
"1396",50,2,2,7
"1397",50,2,2,7
"1398",51,2,2,7
"1399",52,2,2,7
"1400",54,2,2,7
"1401",30,1,1,8
"1402",30,1,1,8
"1403",30,1,1,8
"1404",30,1,1,8
"1405",30,1,1,8
"1406",31,1,1,8
"1407",31,1,1,8
"1408",31,1,1,8
"1409",32,1,1,8
"1410",32,1,1,8
"1411",32,1,1,8
"1412",32,1,1,8
"1413",32,1,1,8
"1414",33,1,1,8
"1415",33,1,1,8
"1416",33,1,1,8
"1417",34,1,1,8
"1418",34,1,1,8
"1419",34,1,1,8
"1420",34,1,1,8
"1421",34,1,1,8
"1422",35,1,1,8
"1423",35,1,1,8
"1424",35,1,1,8
"1425",35,1,1,8
"1426",35,1,1,8
"1427",35,1,1,8
"1428",35,1,1,8
"1429",35,1,1,8
"1430",35,1,1,8
"1431",35,1,1,8
"1432",35,1,1,8
"1433",36,1,1,8
"1434",36,1,1,8
"1435",36,1,1,8
"1436",36,1,1,8
"1437",36,1,1,8
"1438",36,1,1,8
"1439",36,1,1,8
"1440",36,1,1,8
"1441",36,1,1,8
"1442",37,1,1,8
"1443",37,1,1,8
"1444",37,1,1,8
"1445",38,1,1,8
"1446",38,1,1,8
"1447",38,1,1,8
"1448",38,1,1,8
"1449",39,1,1,8
"1450",39,1,1,8
"1451",39,1,1,8
"1452",39,1,1,8
"1453",39,1,1,8
"1454",39,1,1,8
"1455",39,1,1,8
"1456",39,1,1,8
"1457",39,1,1,8
"1458",39,1,1,8
"1459",39,1,1,8
"1460",40,1,1,8
"1461",40,1,1,8
"1462",40,1,1,8
"1463",40,1,1,8
"1464",40,1,1,8
"1465",40,1,1,8
"1466",40,1,1,8
"1467",40,1,1,8
"1468",40,1,1,8
"1469",40,1,1,8
"1470",40,1,1,8
"1471",41,1,1,8
"1472",41,1,1,8
"1473",41,1,1,8
"1474",41,1,1,8
"1475",41,1,1,8
"1476",41,1,1,8
"1477",41,1,1,8
"1478",41,1,1,8
"1479",41,1,1,8
"1480",42,1,1,8
"1481",42,1,1,8
"1482",42,1,1,8
"1483",42,1,1,8
"1484",43,1,1,8
"1485",43,1,1,8
"1486",43,1,1,8
"1487",44,1,1,8
"1488",44,1,1,8
"1489",44,1,1,8
"1490",45,1,1,8
"1491",45,1,1,8
"1492",45,1,1,8
"1493",45,1,1,8
"1494",46,1,1,8
"1495",46,1,1,8
"1496",47,1,1,8
"1497",48,1,1,8
"1498",51,1,1,8
"1499",51,1,1,8
"1500",55,1,1,8
"1501",23,2,1,8
"1502",28,2,1,8
"1503",28,2,1,8
"1504",28,2,1,8
"1505",31,2,1,8
"1506",31,2,1,8
"1507",31,2,1,8
"1508",31,2,1,8
"1509",32,2,1,8
"1510",32,2,1,8
"1511",33,2,1,8
"1512",33,2,1,8
"1513",33,2,1,8
"1514",33,2,1,8
"1515",33,2,1,8
"1516",34,2,1,8
"1517",34,2,1,8
"1518",34,2,1,8
"1519",34,2,1,8
"1520",34,2,1,8
"1521",34,2,1,8
"1522",35,2,1,8
"1523",35,2,1,8
"1524",35,2,1,8
"1525",35,2,1,8
"1526",35,2,1,8
"1527",35,2,1,8
"1528",36,2,1,8
"1529",36,2,1,8
"1530",36,2,1,8
"1531",36,2,1,8
"1532",36,2,1,8
"1533",36,2,1,8
"1534",36,2,1,8
"1535",36,2,1,8
"1536",36,2,1,8
"1537",37,2,1,8
"1538",37,2,1,8
"1539",37,2,1,8
"1540",37,2,1,8
"1541",37,2,1,8
"1542",37,2,1,8
"1543",37,2,1,8
"1544",38,2,1,8
"1545",38,2,1,8
"1546",38,2,1,8
"1547",38,2,1,8
"1548",38,2,1,8
"1549",38,2,1,8
"1550",38,2,1,8
"1551",38,2,1,8
"1552",38,2,1,8
"1553",38,2,1,8
"1554",38,2,1,8
"1555",38,2,1,8
"1556",39,2,1,8
"1557",39,2,1,8
"1558",39,2,1,8
"1559",39,2,1,8
"1560",39,2,1,8
"1561",39,2,1,8
"1562",39,2,1,8
"1563",39,2,1,8
"1564",40,2,1,8
"1565",40,2,1,8
"1566",40,2,1,8
"1567",40,2,1,8
"1568",40,2,1,8
"1569",41,2,1,8
"1570",41,2,1,8
"1571",41,2,1,8
"1572",41,2,1,8
"1573",41,2,1,8
"1574",42,2,1,8
"1575",42,2,1,8
"1576",42,2,1,8
"1577",42,2,1,8
"1578",43,2,1,8
"1579",43,2,1,8
"1580",43,2,1,8
"1581",43,2,1,8
"1582",43,2,1,8
"1583",43,2,1,8
"1584",44,2,1,8
"1585",44,2,1,8
"1586",44,2,1,8
"1587",45,2,1,8
"1588",45,2,1,8
"1589",45,2,1,8
"1590",45,2,1,8
"1591",45,2,1,8
"1592",46,2,1,8
"1593",46,2,1,8
"1594",47,2,1,8
"1595",48,2,1,8
"1596",48,2,1,8
"1597",49,2,1,8
"1598",52,2,1,8
"1599",56,2,1,8
"1600",63,2,1,8
"1601",29,1,2,8
"1602",29,1,2,8
"1603",31,1,2,8
"1604",31,1,2,8
"1605",31,1,2,8
"1606",31,1,2,8
"1607",31,1,2,8
"1608",32,1,2,8
"1609",32,1,2,8
"1610",32,1,2,8
"1611",32,1,2,8
"1612",32,1,2,8
"1613",33,1,2,8
"1614",33,1,2,8
"1615",33,1,2,8
"1616",34,1,2,8
"1617",34,1,2,8
"1618",34,1,2,8
"1619",34,1,2,8
"1620",34,1,2,8
"1621",34,1,2,8
"1622",34,1,2,8
"1623",34,1,2,8
"1624",34,1,2,8
"1625",35,1,2,8
"1626",35,1,2,8
"1627",35,1,2,8
"1628",35,1,2,8
"1629",35,1,2,8
"1630",35,1,2,8
"1631",36,1,2,8
"1632",36,1,2,8
"1633",36,1,2,8
"1634",36,1,2,8
"1635",36,1,2,8
"1636",36,1,2,8
"1637",36,1,2,8
"1638",36,1,2,8
"1639",37,1,2,8
"1640",37,1,2,8
"1641",37,1,2,8
"1642",37,1,2,8
"1643",37,1,2,8
"1644",37,1,2,8
"1645",37,1,2,8
"1646",37,1,2,8
"1647",37,1,2,8
"1648",37,1,2,8
"1649",38,1,2,8
"1650",38,1,2,8
"1651",38,1,2,8
"1652",38,1,2,8
"1653",38,1,2,8
"1654",38,1,2,8
"1655",38,1,2,8
"1656",38,1,2,8
"1657",38,1,2,8
"1658",38,1,2,8
"1659",39,1,2,8
"1660",39,1,2,8
"1661",39,1,2,8
"1662",39,1,2,8
"1663",39,1,2,8
"1664",39,1,2,8
"1665",39,1,2,8
"1666",39,1,2,8
"1667",39,1,2,8
"1668",39,1,2,8
"1669",39,1,2,8
"1670",40,1,2,8
"1671",40,1,2,8
"1672",40,1,2,8
"1673",40,1,2,8
"1674",41,1,2,8
"1675",41,1,2,8
"1676",41,1,2,8
"1677",41,1,2,8
"1678",41,1,2,8
"1679",41,1,2,8
"1680",41,1,2,8
"1681",42,1,2,8
"1682",42,1,2,8
"1683",42,1,2,8
"1684",42,1,2,8
"1685",43,1,2,8
"1686",43,1,2,8
"1687",43,1,2,8
"1688",43,1,2,8
"1689",44,1,2,8
"1690",44,1,2,8
"1691",45,1,2,8
"1692",45,1,2,8
"1693",45,1,2,8
"1694",46,1,2,8
"1695",47,1,2,8
"1696",47,1,2,8
"1697",47,1,2,8
"1698",47,1,2,8
"1699",54,1,2,8
"1700",56,1,2,8
"1701",29,2,2,8
"1702",29,2,2,8
"1703",29,2,2,8
"1704",30,2,2,8
"1705",30,2,2,8
"1706",30,2,2,8
"1707",31,2,2,8
"1708",31,2,2,8
"1709",31,2,2,8
"1710",31,2,2,8
"1711",31,2,2,8
"1712",31,2,2,8
"1713",31,2,2,8
"1714",32,2,2,8
"1715",32,2,2,8
"1716",32,2,2,8
"1717",32,2,2,8
"1718",32,2,2,8
"1719",32,2,2,8
"1720",33,2,2,8
"1721",33,2,2,8
"1722",33,2,2,8
"1723",33,2,2,8
"1724",33,2,2,8
"1725",33,2,2,8
"1726",33,2,2,8
"1727",33,2,2,8
"1728",34,2,2,8
"1729",34,2,2,8
"1730",34,2,2,8
"1731",34,2,2,8
"1732",34,2,2,8
"1733",34,2,2,8
"1734",34,2,2,8
"1735",34,2,2,8
"1736",34,2,2,8
"1737",34,2,2,8
"1738",34,2,2,8
"1739",34,2,2,8
"1740",35,2,2,8
"1741",35,2,2,8
"1742",35,2,2,8
"1743",36,2,2,8
"1744",36,2,2,8
"1745",36,2,2,8
"1746",36,2,2,8
"1747",36,2,2,8
"1748",36,2,2,8
"1749",36,2,2,8
"1750",37,2,2,8
"1751",37,2,2,8
"1752",37,2,2,8
"1753",37,2,2,8
"1754",37,2,2,8
"1755",37,2,2,8
"1756",37,2,2,8
"1757",37,2,2,8
"1758",37,2,2,8
"1759",38,2,2,8
"1760",38,2,2,8
"1761",38,2,2,8
"1762",38,2,2,8
"1763",38,2,2,8
"1764",39,2,2,8
"1765",39,2,2,8
"1766",39,2,2,8
"1767",39,2,2,8
"1768",39,2,2,8
"1769",39,2,2,8
"1770",40,2,2,8
"1771",40,2,2,8
"1772",40,2,2,8
"1773",40,2,2,8
"1774",40,2,2,8
"1775",40,2,2,8
"1776",40,2,2,8
"1777",41,2,2,8
"1778",41,2,2,8
"1779",41,2,2,8
"1780",41,2,2,8
"1781",41,2,2,8
"1782",41,2,2,8
"1783",41,2,2,8
"1784",42,2,2,8
"1785",42,2,2,8
"1786",42,2,2,8
"1787",42,2,2,8
"1788",42,2,2,8
"1789",43,2,2,8
"1790",43,2,2,8
"1791",43,2,2,8
"1792",43,2,2,8
"1793",44,2,2,8
"1794",44,2,2,8
"1795",44,2,2,8
"1796",45,2,2,8
"1797",46,2,2,8
"1798",48,2,2,8
"1799",49,2,2,8
"1800",50,2,2,8
"1801",30,1,1,9
"1802",30,1,1,9
"1803",30,1,1,9
"1804",30,1,1,9
"1805",31,1,1,9
"1806",31,1,1,9
"1807",31,1,1,9
"1808",32,1,1,9
"1809",32,1,1,9
"1810",32,1,1,9
"1811",32,1,1,9
"1812",32,1,1,9
"1813",32,1,1,9
"1814",33,1,1,9
"1815",33,1,1,9
"1816",33,1,1,9
"1817",33,1,1,9
"1818",33,1,1,9
"1819",33,1,1,9
"1820",34,1,1,9
"1821",34,1,1,9
"1822",34,1,1,9
"1823",34,1,1,9
"1824",34,1,1,9
"1825",34,1,1,9
"1826",34,1,1,9
"1827",35,1,1,9
"1828",35,1,1,9
"1829",35,1,1,9
"1830",35,1,1,9
"1831",35,1,1,9
"1832",35,1,1,9
"1833",35,1,1,9
"1834",35,1,1,9
"1835",35,1,1,9
"1836",35,1,1,9
"1837",35,1,1,9
"1838",35,1,1,9
"1839",35,1,1,9
"1840",36,1,1,9
"1841",36,1,1,9
"1842",36,1,1,9
"1843",36,1,1,9
"1844",36,1,1,9
"1845",36,1,1,9
"1846",37,1,1,9
"1847",37,1,1,9
"1848",37,1,1,9
"1849",38,1,1,9
"1850",38,1,1,9
"1851",38,1,1,9
"1852",38,1,1,9
"1853",38,1,1,9
"1854",38,1,1,9
"1855",38,1,1,9
"1856",38,1,1,9
"1857",38,1,1,9
"1858",38,1,1,9
"1859",39,1,1,9
"1860",39,1,1,9
"1861",39,1,1,9
"1862",39,1,1,9
"1863",39,1,1,9
"1864",39,1,1,9
"1865",39,1,1,9
"1866",40,1,1,9
"1867",40,1,1,9
"1868",40,1,1,9
"1869",40,1,1,9
"1870",40,1,1,9
"1871",40,1,1,9
"1872",40,1,1,9
"1873",40,1,1,9
"1874",41,1,1,9
"1875",41,1,1,9
"1876",41,1,1,9
"1877",42,1,1,9
"1878",42,1,1,9
"1879",42,1,1,9
"1880",42,1,1,9
"1881",42,1,1,9
"1882",42,1,1,9
"1883",43,1,1,9
"1884",43,1,1,9
"1885",43,1,1,9
"1886",44,1,1,9
"1887",44,1,1,9
"1888",44,1,1,9
"1889",45,1,1,9
"1890",45,1,1,9
"1891",45,1,1,9
"1892",45,1,1,9
"1893",46,1,1,9
"1894",48,1,1,9
"1895",49,1,1,9
"1896",49,1,1,9
"1897",50,1,1,9
"1898",50,1,1,9
"1899",50,1,1,9
"1900",51,1,1,9
"1901",24,2,1,9
"1902",26,2,1,9
"1903",27,2,1,9
"1904",27,2,1,9
"1905",27,2,1,9
"1906",28,2,1,9
"1907",28,2,1,9
"1908",28,2,1,9
"1909",29,2,1,9
"1910",29,2,1,9
"1911",29,2,1,9
"1912",29,2,1,9
"1913",30,2,1,9
"1914",30,2,1,9
"1915",30,2,1,9
"1916",30,2,1,9
"1917",30,2,1,9
"1918",30,2,1,9
"1919",31,2,1,9
"1920",31,2,1,9
"1921",31,2,1,9
"1922",31,2,1,9
"1923",31,2,1,9
"1924",31,2,1,9
"1925",31,2,1,9
"1926",32,2,1,9
"1927",32,2,1,9
"1928",32,2,1,9
"1929",32,2,1,9
"1930",32,2,1,9
"1931",32,2,1,9
"1932",32,2,1,9
"1933",32,2,1,9
"1934",33,2,1,9
"1935",33,2,1,9
"1936",33,2,1,9
"1937",33,2,1,9
"1938",33,2,1,9
"1939",33,2,1,9
"1940",33,2,1,9
"1941",33,2,1,9
"1942",33,2,1,9
"1943",33,2,1,9
"1944",34,2,1,9
"1945",34,2,1,9
"1946",34,2,1,9
"1947",34,2,1,9
"1948",34,2,1,9
"1949",34,2,1,9
"1950",34,2,1,9
"1951",34,2,1,9
"1952",34,2,1,9
"1953",34,2,1,9
"1954",34,2,1,9
"1955",35,2,1,9
"1956",35,2,1,9
"1957",35,2,1,9
"1958",35,2,1,9
"1959",35,2,1,9
"1960",35,2,1,9
"1961",35,2,1,9
"1962",36,2,1,9
"1963",36,2,1,9
"1964",36,2,1,9
"1965",36,2,1,9
"1966",36,2,1,9
"1967",36,2,1,9
"1968",36,2,1,9
"1969",36,2,1,9
"1970",36,2,1,9
"1971",36,2,1,9
"1972",36,2,1,9
"1973",36,2,1,9
"1974",36,2,1,9
"1975",37,2,1,9
"1976",37,2,1,9
"1977",37,2,1,9
"1978",37,2,1,9
"1979",37,2,1,9
"1980",37,2,1,9
"1981",38,2,1,9
"1982",38,2,1,9
"1983",38,2,1,9
"1984",38,2,1,9
"1985",38,2,1,9
"1986",39,2,1,9
"1987",39,2,1,9
"1988",39,2,1,9
"1989",39,2,1,9
"1990",39,2,1,9
"1991",40,2,1,9
"1992",40,2,1,9
"1993",41,2,1,9
"1994",41,2,1,9
"1995",42,2,1,9
"1996",42,2,1,9
"1997",42,2,1,9
"1998",42,2,1,9
"1999",43,2,1,9
"2000",50,2,1,9
"2001",30,1,2,9
"2002",31,1,2,9
"2003",31,1,2,9
"2004",32,1,2,9
"2005",33,1,2,9
"2006",33,1,2,9
"2007",34,1,2,9
"2008",34,1,2,9
"2009",34,1,2,9
"2010",34,1,2,9
"2011",35,1,2,9
"2012",36,1,2,9
"2013",36,1,2,9
"2014",36,1,2,9
"2015",36,1,2,9
"2016",36,1,2,9
"2017",36,1,2,9
"2018",36,1,2,9
"2019",37,1,2,9
"2020",37,1,2,9
"2021",37,1,2,9
"2022",37,1,2,9
"2023",38,1,2,9
"2024",38,1,2,9
"2025",38,1,2,9
"2026",38,1,2,9
"2027",38,1,2,9
"2028",38,1,2,9
"2029",38,1,2,9
"2030",38,1,2,9
"2031",38,1,2,9
"2032",38,1,2,9
"2033",38,1,2,9
"2034",39,1,2,9
"2035",39,1,2,9
"2036",39,1,2,9
"2037",39,1,2,9
"2038",39,1,2,9
"2039",39,1,2,9
"2040",39,1,2,9
"2041",40,1,2,9
"2042",40,1,2,9
"2043",40,1,2,9
"2044",40,1,2,9
"2045",40,1,2,9
"2046",40,1,2,9
"2047",40,1,2,9
"2048",40,1,2,9
"2049",40,1,2,9
"2050",40,1,2,9
"2051",40,1,2,9
"2052",40,1,2,9
"2053",41,1,2,9
"2054",41,1,2,9
"2055",41,1,2,9
"2056",41,1,2,9
"2057",41,1,2,9
"2058",41,1,2,9
"2059",41,1,2,9
"2060",42,1,2,9
"2061",42,1,2,9
"2062",42,1,2,9
"2063",42,1,2,9
"2064",42,1,2,9
"2065",42,1,2,9
"2066",42,1,2,9
"2067",42,1,2,9
"2068",42,1,2,9
"2069",42,1,2,9
"2070",42,1,2,9
"2071",42,1,2,9
"2072",42,1,2,9
"2073",42,1,2,9
"2074",43,1,2,9
"2075",43,1,2,9
"2076",43,1,2,9
"2077",43,1,2,9
"2078",44,1,2,9
"2079",44,1,2,9
"2080",44,1,2,9
"2081",45,1,2,9
"2082",45,1,2,9
"2083",45,1,2,9
"2084",46,1,2,9
"2085",47,1,2,9
"2086",47,1,2,9
"2087",47,1,2,9
"2088",48,1,2,9
"2089",48,1,2,9
"2090",48,1,2,9
"2091",48,1,2,9
"2092",48,1,2,9
"2093",48,1,2,9
"2094",49,1,2,9
"2095",49,1,2,9
"2096",50,1,2,9
"2097",50,1,2,9
"2098",50,1,2,9
"2099",51,1,2,9
"2100",56,1,2,9
"2101",30,2,2,9
"2102",30,2,2,9
"2103",30,2,2,9
"2104",30,2,2,9
"2105",31,2,2,9
"2106",31,2,2,9
"2107",32,2,2,9
"2108",32,2,2,9
"2109",32,2,2,9
"2110",32,2,2,9
"2111",33,2,2,9
"2112",33,2,2,9
"2113",33,2,2,9
"2114",33,2,2,9
"2115",34,2,2,9
"2116",34,2,2,9
"2117",34,2,2,9
"2118",34,2,2,9
"2119",34,2,2,9
"2120",34,2,2,9
"2121",35,2,2,9
"2122",35,2,2,9
"2123",35,2,2,9
"2124",35,2,2,9
"2125",35,2,2,9
"2126",35,2,2,9
"2127",35,2,2,9
"2128",35,2,2,9
"2129",35,2,2,9
"2130",35,2,2,9
"2131",35,2,2,9
"2132",35,2,2,9
"2133",35,2,2,9
"2134",35,2,2,9
"2135",35,2,2,9
"2136",35,2,2,9
"2137",36,2,2,9
"2138",36,2,2,9
"2139",36,2,2,9
"2140",36,2,2,9
"2141",36,2,2,9
"2142",37,2,2,9
"2143",37,2,2,9
"2144",37,2,2,9
"2145",37,2,2,9
"2146",37,2,2,9
"2147",37,2,2,9
"2148",37,2,2,9
"2149",37,2,2,9
"2150",37,2,2,9
"2151",37,2,2,9
"2152",37,2,2,9
"2153",38,2,2,9
"2154",38,2,2,9
"2155",38,2,2,9
"2156",38,2,2,9
"2157",38,2,2,9
"2158",38,2,2,9
"2159",38,2,2,9
"2160",38,2,2,9
"2161",38,2,2,9
"2162",38,2,2,9
"2163",39,2,2,9
"2164",39,2,2,9
"2165",39,2,2,9
"2166",39,2,2,9
"2167",39,2,2,9
"2168",39,2,2,9
"2169",39,2,2,9
"2170",39,2,2,9
"2171",39,2,2,9
"2172",39,2,2,9
"2173",40,2,2,9
"2174",40,2,2,9
"2175",40,2,2,9
"2176",40,2,2,9
"2177",40,2,2,9
"2178",40,2,2,9
"2179",41,2,2,9
"2180",41,2,2,9
"2181",41,2,2,9
"2182",41,2,2,9
"2183",41,2,2,9
"2184",41,2,2,9
"2185",41,2,2,9
"2186",42,2,2,9
"2187",42,2,2,9
"2188",42,2,2,9
"2189",42,2,2,9
"2190",42,2,2,9
"2191",42,2,2,9
"2192",42,2,2,9
"2193",43,2,2,9
"2194",43,2,2,9
"2195",43,2,2,9
"2196",43,2,2,9
"2197",46,2,2,9
"2198",48,2,2,9
"2199",48,2,2,9
"2200",49,2,2,9
"2201",22,1,1,10
"2202",23,1,1,10
"2203",23,1,1,10
"2204",26,1,1,10
"2205",26,1,1,10
"2206",26,1,1,10
"2207",26,1,1,10
"2208",27,1,1,10
"2209",27,1,1,10
"2210",27,1,1,10
"2211",27,1,1,10
"2212",27,1,1,10
"2213",28,1,1,10
"2214",28,1,1,10
"2215",28,1,1,10
"2216",28,1,1,10
"2217",28,1,1,10
"2218",28,1,1,10
"2219",28,1,1,10
"2220",29,1,1,10
"2221",29,1,1,10
"2222",29,1,1,10
"2223",29,1,1,10
"2224",30,1,1,10
"2225",30,1,1,10
"2226",30,1,1,10
"2227",30,1,1,10
"2228",31,1,1,10
"2229",31,1,1,10
"2230",32,1,1,10
"2231",32,1,1,10
"2232",32,1,1,10
"2233",32,1,1,10
"2234",32,1,1,10
"2235",33,1,1,10
"2236",33,1,1,10
"2237",33,1,1,10
"2238",33,1,1,10
"2239",33,1,1,10
"2240",33,1,1,10
"2241",34,1,1,10
"2242",34,1,1,10
"2243",34,1,1,10
"2244",34,1,1,10
"2245",34,1,1,10
"2246",34,1,1,10
"2247",34,1,1,10
"2248",34,1,1,10
"2249",34,1,1,10
"2250",34,1,1,10
"2251",34,1,1,10
"2252",35,1,1,10
"2253",35,1,1,10
"2254",35,1,1,10
"2255",35,1,1,10
"2256",35,1,1,10
"2257",35,1,1,10
"2258",35,1,1,10
"2259",35,1,1,10
"2260",36,1,1,10
"2261",36,1,1,10
"2262",36,1,1,10
"2263",36,1,1,10
"2264",36,1,1,10
"2265",36,1,1,10
"2266",36,1,1,10
"2267",36,1,1,10
"2268",36,1,1,10
"2269",37,1,1,10
"2270",37,1,1,10
"2271",37,1,1,10
"2272",37,1,1,10
"2273",37,1,1,10
"2274",37,1,1,10
"2275",37,1,1,10
"2276",37,1,1,10
"2277",38,1,1,10
"2278",38,1,1,10
"2279",38,1,1,10
"2280",38,1,1,10
"2281",38,1,1,10
"2282",38,1,1,10
"2283",38,1,1,10
"2284",38,1,1,10
"2285",38,1,1,10
"2286",38,1,1,10
"2287",40,1,1,10
"2288",40,1,1,10
"2289",40,1,1,10
"2290",41,1,1,10
"2291",41,1,1,10
"2292",42,1,1,10
"2293",42,1,1,10
"2294",42,1,1,10
"2295",42,1,1,10
"2296",42,1,1,10
"2297",42,1,1,10
"2298",42,1,1,10
"2299",43,1,1,10
"2300",43,1,1,10
"2301",20,2,1,10
"2302",23,2,1,10
"2303",24,2,1,10
"2304",25,2,1,10
"2305",25,2,1,10
"2306",26,2,1,10
"2307",26,2,1,10
"2308",27,2,1,10
"2309",27,2,1,10
"2310",28,2,1,10
"2311",28,2,1,10
"2312",28,2,1,10
"2313",29,2,1,10
"2314",29,2,1,10
"2315",29,2,1,10
"2316",29,2,1,10
"2317",29,2,1,10
"2318",29,2,1,10
"2319",30,2,1,10
"2320",30,2,1,10
"2321",30,2,1,10
"2322",30,2,1,10
"2323",30,2,1,10
"2324",30,2,1,10
"2325",30,2,1,10
"2326",31,2,1,10
"2327",31,2,1,10
"2328",31,2,1,10
"2329",31,2,1,10
"2330",31,2,1,10
"2331",31,2,1,10
"2332",31,2,1,10
"2333",32,2,1,10
"2334",32,2,1,10
"2335",32,2,1,10
"2336",32,2,1,10
"2337",33,2,1,10
"2338",33,2,1,10
"2339",33,2,1,10
"2340",33,2,1,10
"2341",34,2,1,10
"2342",34,2,1,10
"2343",34,2,1,10
"2344",34,2,1,10
"2345",34,2,1,10
"2346",35,2,1,10
"2347",35,2,1,10
"2348",35,2,1,10
"2349",35,2,1,10
"2350",35,2,1,10
"2351",35,2,1,10
"2352",36,2,1,10
"2353",36,2,1,10
"2354",36,2,1,10
"2355",36,2,1,10
"2356",36,2,1,10
"2357",36,2,1,10
"2358",37,2,1,10
"2359",37,2,1,10
"2360",37,2,1,10
"2361",37,2,1,10
"2362",37,2,1,10
"2363",38,2,1,10
"2364",38,2,1,10
"2365",38,2,1,10
"2366",38,2,1,10
"2367",38,2,1,10
"2368",38,2,1,10
"2369",38,2,1,10
"2370",39,2,1,10
"2371",39,2,1,10
"2372",39,2,1,10
"2373",39,2,1,10
"2374",39,2,1,10
"2375",39,2,1,10
"2376",40,2,1,10
"2377",40,2,1,10
"2378",40,2,1,10
"2379",40,2,1,10
"2380",40,2,1,10
"2381",40,2,1,10
"2382",40,2,1,10
"2383",40,2,1,10
"2384",40,2,1,10
"2385",40,2,1,10
"2386",41,2,1,10
"2387",41,2,1,10
"2388",41,2,1,10
"2389",42,2,1,10
"2390",42,2,1,10
"2391",42,2,1,10
"2392",43,2,1,10
"2393",43,2,1,10
"2394",43,2,1,10
"2395",44,2,1,10
"2396",44,2,1,10
"2397",44,2,1,10
"2398",45,2,1,10
"2399",52,2,1,10
"2400",53,2,1,10
"2401",20,1,2,10
"2402",22,1,2,10
"2403",24,1,2,10
"2404",24,1,2,10
"2405",24,1,2,10
"2406",25,1,2,10
"2407",27,1,2,10
"2408",28,1,2,10
"2409",28,1,2,10
"2410",28,1,2,10
"2411",28,1,2,10
"2412",28,1,2,10
"2413",28,1,2,10
"2414",29,1,2,10
"2415",29,1,2,10
"2416",29,1,2,10
"2417",29,1,2,10
"2418",29,1,2,10
"2419",29,1,2,10
"2420",29,1,2,10
"2421",30,1,2,10
"2422",30,1,2,10
"2423",30,1,2,10
"2424",30,1,2,10
"2425",30,1,2,10
"2426",31,1,2,10
"2427",31,1,2,10
"2428",31,1,2,10
"2429",31,1,2,10
"2430",31,1,2,10
"2431",31,1,2,10
"2432",31,1,2,10
"2433",31,1,2,10
"2434",31,1,2,10
"2435",32,1,2,10
"2436",32,1,2,10
"2437",32,1,2,10
"2438",32,1,2,10
"2439",32,1,2,10
"2440",32,1,2,10
"2441",32,1,2,10
"2442",32,1,2,10
"2443",32,1,2,10
"2444",33,1,2,10
"2445",33,1,2,10
"2446",33,1,2,10
"2447",33,1,2,10
"2448",33,1,2,10
"2449",33,1,2,10
"2450",34,1,2,10
"2451",34,1,2,10
"2452",34,1,2,10
"2453",34,1,2,10
"2454",34,1,2,10
"2455",34,1,2,10
"2456",35,1,2,10
"2457",35,1,2,10
"2458",35,1,2,10
"2459",35,1,2,10
"2460",35,1,2,10
"2461",35,1,2,10
"2462",35,1,2,10
"2463",35,1,2,10
"2464",35,1,2,10
"2465",35,1,2,10
"2466",36,1,2,10
"2467",36,1,2,10
"2468",36,1,2,10
"2469",36,1,2,10
"2470",36,1,2,10
"2471",36,1,2,10
"2472",37,1,2,10
"2473",37,1,2,10
"2474",37,1,2,10
"2475",37,1,2,10
"2476",38,1,2,10
"2477",38,1,2,10
"2478",38,1,2,10
"2479",38,1,2,10
"2480",39,1,2,10
"2481",39,1,2,10
"2482",39,1,2,10
"2483",39,1,2,10
"2484",39,1,2,10
"2485",39,1,2,10
"2486",39,1,2,10
"2487",40,1,2,10
"2488",40,1,2,10
"2489",41,1,2,10
"2490",41,1,2,10
"2491",42,1,2,10
"2492",42,1,2,10
"2493",43,1,2,10
"2494",43,1,2,10
"2495",45,1,2,10
"2496",45,1,2,10
"2497",46,1,2,10
"2498",46,1,2,10
"2499",46,1,2,10
"2500",47,1,2,10
"2501",25,2,2,10
"2502",25,2,2,10
"2503",26,2,2,10
"2504",26,2,2,10
"2505",27,2,2,10
"2506",27,2,2,10
"2507",27,2,2,10
"2508",27,2,2,10
"2509",27,2,2,10
"2510",27,2,2,10
"2511",28,2,2,10
"2512",28,2,2,10
"2513",28,2,2,10
"2514",29,2,2,10
"2515",29,2,2,10
"2516",30,2,2,10
"2517",30,2,2,10
"2518",30,2,2,10
"2519",30,2,2,10
"2520",31,2,2,10
"2521",31,2,2,10
"2522",31,2,2,10
"2523",31,2,2,10
"2524",31,2,2,10
"2525",31,2,2,10
"2526",32,2,2,10
"2527",32,2,2,10
"2528",32,2,2,10
"2529",32,2,2,10
"2530",32,2,2,10
"2531",32,2,2,10
"2532",32,2,2,10
"2533",32,2,2,10
"2534",32,2,2,10
"2535",32,2,2,10
"2536",33,2,2,10
"2537",33,2,2,10
"2538",33,2,2,10
"2539",33,2,2,10
"2540",34,2,2,10
"2541",34,2,2,10
"2542",34,2,2,10
"2543",34,2,2,10
"2544",34,2,2,10
"2545",34,2,2,10
"2546",34,2,2,10
"2547",34,2,2,10
"2548",34,2,2,10
"2549",34,2,2,10
"2550",35,2,2,10
"2551",35,2,2,10
"2552",35,2,2,10
"2553",35,2,2,10
"2554",35,2,2,10
"2555",36,2,2,10
"2556",36,2,2,10
"2557",36,2,2,10
"2558",36,2,2,10
"2559",36,2,2,10
"2560",36,2,2,10
"2561",36,2,2,10
"2562",36,2,2,10
"2563",36,2,2,10
"2564",36,2,2,10
"2565",37,2,2,10
"2566",37,2,2,10
"2567",37,2,2,10
"2568",37,2,2,10
"2569",38,2,2,10
"2570",38,2,2,10
"2571",38,2,2,10
"2572",38,2,2,10
"2573",38,2,2,10
"2574",38,2,2,10
"2575",39,2,2,10
"2576",39,2,2,10
"2577",39,2,2,10
"2578",39,2,2,10
"2579",40,2,2,10
"2580",40,2,2,10
"2581",40,2,2,10
"2582",40,2,2,10
"2583",40,2,2,10
"2584",40,2,2,10
"2585",41,2,2,10
"2586",41,2,2,10
"2587",42,2,2,10
"2588",42,2,2,10
"2589",42,2,2,10
"2590",42,2,2,10
"2591",42,2,2,10
"2592",42,2,2,10
"2593",43,2,2,10
"2594",43,2,2,10
"2595",43,2,2,10
"2596",43,2,2,10
"2597",44,2,2,10
"2598",48,2,2,10
"2599",48,2,2,10
"2600",50,2,2,10
"2601",24,1,1,11
"2602",26,1,1,11
"2603",26,1,1,11
"2604",28,1,1,11
"2605",28,1,1,11
"2606",29,1,1,11
"2607",29,1,1,11
"2608",29,1,1,11
"2609",29,1,1,11
"2610",29,1,1,11
"2611",29,1,1,11
"2612",29,1,1,11
"2613",30,1,1,11
"2614",30,1,1,11
"2615",30,1,1,11
"2616",30,1,1,11
"2617",30,1,1,11
"2618",30,1,1,11
"2619",30,1,1,11
"2620",30,1,1,11
"2621",30,1,1,11
"2622",30,1,1,11
"2623",30,1,1,11
"2624",31,1,1,11
"2625",31,1,1,11
"2626",31,1,1,11
"2627",31,1,1,11
"2628",31,1,1,11
"2629",31,1,1,11
"2630",32,1,1,11
"2631",32,1,1,11
"2632",32,1,1,11
"2633",32,1,1,11
"2634",32,1,1,11
"2635",32,1,1,11
"2636",32,1,1,11
"2637",32,1,1,11
"2638",32,1,1,11
"2639",32,1,1,11
"2640",33,1,1,11
"2641",33,1,1,11
"2642",33,1,1,11
"2643",33,1,1,11
"2644",33,1,1,11
"2645",33,1,1,11
"2646",34,1,1,11
"2647",34,1,1,11
"2648",34,1,1,11
"2649",34,1,1,11
"2650",34,1,1,11
"2651",34,1,1,11
"2652",34,1,1,11
"2653",34,1,1,11
"2654",35,1,1,11
"2655",35,1,1,11
"2656",35,1,1,11
"2657",35,1,1,11
"2658",35,1,1,11
"2659",35,1,1,11
"2660",35,1,1,11
"2661",35,1,1,11
"2662",35,1,1,11
"2663",36,1,1,11
"2664",36,1,1,11
"2665",36,1,1,11
"2666",36,1,1,11
"2667",36,1,1,11
"2668",37,1,1,11
"2669",37,1,1,11
"2670",37,1,1,11
"2671",37,1,1,11
"2672",37,1,1,11
"2673",37,1,1,11
"2674",38,1,1,11
"2675",38,1,1,11
"2676",38,1,1,11
"2677",38,1,1,11
"2678",38,1,1,11
"2679",39,1,1,11
"2680",39,1,1,11
"2681",39,1,1,11
"2682",39,1,1,11
"2683",39,1,1,11
"2684",40,1,1,11
"2685",40,1,1,11
"2686",40,1,1,11
"2687",40,1,1,11
"2688",40,1,1,11
"2689",40,1,1,11
"2690",40,1,1,11
"2691",41,1,1,11
"2692",41,1,1,11
"2693",41,1,1,11
"2694",42,1,1,11
"2695",43,1,1,11
"2696",44,1,1,11
"2697",44,1,1,11
"2698",45,1,1,11
"2699",46,1,1,11
"2700",52,1,1,11
"2701",25,2,1,11
"2702",25,2,1,11
"2703",26,2,1,11
"2704",27,2,1,11
"2705",28,2,1,11
"2706",28,2,1,11
"2707",29,2,1,11
"2708",29,2,1,11
"2709",30,2,1,11
"2710",30,2,1,11
"2711",30,2,1,11
"2712",30,2,1,11
"2713",30,2,1,11
"2714",30,2,1,11
"2715",30,2,1,11
"2716",30,2,1,11
"2717",30,2,1,11
"2718",30,2,1,11
"2719",30,2,1,11
"2720",30,2,1,11
"2721",30,2,1,11
"2722",30,2,1,11
"2723",30,2,1,11
"2724",30,2,1,11
"2725",30,2,1,11
"2726",30,2,1,11
"2727",30,2,1,11
"2728",30,2,1,11
"2729",30,2,1,11
"2730",31,2,1,11
"2731",31,2,1,11
"2732",31,2,1,11
"2733",31,2,1,11
"2734",31,2,1,11
"2735",32,2,1,11
"2736",32,2,1,11
"2737",32,2,1,11
"2738",32,2,1,11
"2739",32,2,1,11
"2740",32,2,1,11
"2741",33,2,1,11
"2742",33,2,1,11
"2743",33,2,1,11
"2744",33,2,1,11
"2745",33,2,1,11
"2746",33,2,1,11
"2747",33,2,1,11
"2748",33,2,1,11
"2749",34,2,1,11
"2750",34,2,1,11
"2751",34,2,1,11
"2752",34,2,1,11
"2753",34,2,1,11
"2754",34,2,1,11
"2755",34,2,1,11
"2756",35,2,1,11
"2757",35,2,1,11
"2758",35,2,1,11
"2759",35,2,1,11
"2760",35,2,1,11
"2761",35,2,1,11
"2762",35,2,1,11
"2763",35,2,1,11
"2764",35,2,1,11
"2765",35,2,1,11
"2766",35,2,1,11
"2767",35,2,1,11
"2768",35,2,1,11
"2769",35,2,1,11
"2770",35,2,1,11
"2771",35,2,1,11
"2772",35,2,1,11
"2773",36,2,1,11
"2774",36,2,1,11
"2775",36,2,1,11
"2776",36,2,1,11
"2777",36,2,1,11
"2778",36,2,1,11
"2779",36,2,1,11
"2780",36,2,1,11
"2781",37,2,1,11
"2782",37,2,1,11
"2783",37,2,1,11
"2784",37,2,1,11
"2785",37,2,1,11
"2786",37,2,1,11
"2787",38,2,1,11
"2788",38,2,1,11
"2789",38,2,1,11
"2790",39,2,1,11
"2791",40,2,1,11
"2792",40,2,1,11
"2793",40,2,1,11
"2794",40,2,1,11
"2795",40,2,1,11
"2796",40,2,1,11
"2797",40,2,1,11
"2798",41,2,1,11
"2799",43,2,1,11
"2800",45,2,1,11
"2801",22,1,2,11
"2802",23,1,2,11
"2803",26,1,2,11
"2804",26,1,2,11
"2805",26,1,2,11
"2806",27,1,2,11
"2807",27,1,2,11
"2808",27,1,2,11
"2809",28,1,2,11
"2810",28,1,2,11
"2811",28,1,2,11
"2812",28,1,2,11
"2813",28,1,2,11
"2814",28,1,2,11
"2815",29,1,2,11
"2816",29,1,2,11
"2817",29,1,2,11
"2818",29,1,2,11
"2819",29,1,2,11
"2820",29,1,2,11
"2821",29,1,2,11
"2822",29,1,2,11
"2823",29,1,2,11
"2824",29,1,2,11
"2825",29,1,2,11
"2826",29,1,2,11
"2827",30,1,2,11
"2828",30,1,2,11
"2829",30,1,2,11
"2830",30,1,2,11
"2831",30,1,2,11
"2832",30,1,2,11
"2833",30,1,2,11
"2834",30,1,2,11
"2835",30,1,2,11
"2836",30,1,2,11
"2837",30,1,2,11
"2838",30,1,2,11
"2839",31,1,2,11
"2840",31,1,2,11
"2841",31,1,2,11
"2842",31,1,2,11
"2843",31,1,2,11
"2844",31,1,2,11
"2845",31,1,2,11
"2846",31,1,2,11
"2847",31,1,2,11
"2848",31,1,2,11
"2849",32,1,2,11
"2850",32,1,2,11
"2851",32,1,2,11
"2852",32,1,2,11
"2853",32,1,2,11
"2854",32,1,2,11
"2855",32,1,2,11
"2856",32,1,2,11
"2857",32,1,2,11
"2858",32,1,2,11
"2859",32,1,2,11
"2860",33,1,2,11
"2861",33,1,2,11
"2862",33,1,2,11
"2863",33,1,2,11
"2864",33,1,2,11
"2865",33,1,2,11
"2866",34,1,2,11
"2867",34,1,2,11
"2868",34,1,2,11
"2869",34,1,2,11
"2870",34,1,2,11
"2871",34,1,2,11
"2872",35,1,2,11
"2873",35,1,2,11
"2874",35,1,2,11
"2875",35,1,2,11
"2876",36,1,2,11
"2877",36,1,2,11
"2878",36,1,2,11
"2879",36,1,2,11
"2880",36,1,2,11
"2881",36,1,2,11
"2882",36,1,2,11
"2883",36,1,2,11
"2884",37,1,2,11
"2885",37,1,2,11
"2886",37,1,2,11
"2887",37,1,2,11
"2888",37,1,2,11
"2889",37,1,2,11
"2890",38,1,2,11
"2891",38,1,2,11
"2892",38,1,2,11
"2893",38,1,2,11
"2894",38,1,2,11
"2895",38,1,2,11
"2896",39,1,2,11
"2897",39,1,2,11
"2898",39,1,2,11
"2899",40,1,2,11
"2900",40,1,2,11
"2901",25,2,2,11
"2902",26,2,2,11
"2903",27,2,2,11
"2904",28,2,2,11
"2905",28,2,2,11
"2906",29,2,2,11
"2907",29,2,2,11
"2908",30,2,2,11
"2909",30,2,2,11
"2910",30,2,2,11
"2911",30,2,2,11
"2912",30,2,2,11
"2913",30,2,2,11
"2914",30,2,2,11
"2915",30,2,2,11
"2916",31,2,2,11
"2917",31,2,2,11
"2918",31,2,2,11
"2919",31,2,2,11
"2920",31,2,2,11
"2921",31,2,2,11
"2922",32,2,2,11
"2923",32,2,2,11
"2924",32,2,2,11
"2925",32,2,2,11
"2926",32,2,2,11
"2927",32,2,2,11
"2928",32,2,2,11
"2929",32,2,2,11
"2930",32,2,2,11
"2931",32,2,2,11
"2932",32,2,2,11
"2933",33,2,2,11
"2934",33,2,2,11
"2935",33,2,2,11
"2936",33,2,2,11
"2937",33,2,2,11
"2938",33,2,2,11
"2939",33,2,2,11
"2940",33,2,2,11
"2941",33,2,2,11
"2942",34,2,2,11
"2943",34,2,2,11
"2944",34,2,2,11
"2945",34,2,2,11
"2946",34,2,2,11
"2947",35,2,2,11
"2948",35,2,2,11
"2949",35,2,2,11
"2950",35,2,2,11
"2951",36,2,2,11
"2952",36,2,2,11
"2953",36,2,2,11
"2954",36,2,2,11
"2955",36,2,2,11
"2956",36,2,2,11
"2957",36,2,2,11
"2958",36,2,2,11
"2959",36,2,2,11
"2960",37,2,2,11
"2961",37,2,2,11
"2962",37,2,2,11
"2963",37,2,2,11
"2964",37,2,2,11
"2965",37,2,2,11
"2966",37,2,2,11
"2967",37,2,2,11
"2968",37,2,2,11
"2969",38,2,2,11
"2970",38,2,2,11
"2971",38,2,2,11
"2972",38,2,2,11
"2973",38,2,2,11
"2974",38,2,2,11
"2975",38,2,2,11
"2976",39,2,2,11
"2977",39,2,2,11
"2978",39,2,2,11
"2979",39,2,2,11
"2980",39,2,2,11
"2981",39,2,2,11
"2982",39,2,2,11
"2983",39,2,2,11
"2984",39,2,2,11
"2985",40,2,2,11
"2986",40,2,2,11
"2987",40,2,2,11
"2988",40,2,2,11
"2989",40,2,2,11
"2990",40,2,2,11
"2991",40,2,2,11
"2992",40,2,2,11
"2993",40,2,2,11
"2994",41,2,2,11
"2995",41,2,2,11
"2996",42,2,2,11
"2997",42,2,2,11
"2998",43,2,2,11
"2999",43,2,2,11
"3000",49,2,2,11
"3001",25,1,1,12
"3002",26,1,1,12
"3003",27,1,1,12
"3004",27,1,1,12
"3005",27,1,1,12
"3006",29,1,1,12
"3007",30,1,1,12
"3008",30,1,1,12
"3009",30,1,1,12
"3010",31,1,1,12
"3011",31,1,1,12
"3012",31,1,1,12
"3013",32,1,1,12
"3014",32,1,1,12
"3015",32,1,1,12
"3016",32,1,1,12
"3017",33,1,1,12
"3018",33,1,1,12
"3019",33,1,1,12
"3020",33,1,1,12
"3021",33,1,1,12
"3022",34,1,1,12
"3023",34,1,1,12
"3024",34,1,1,12
"3025",34,1,1,12
"3026",34,1,1,12
"3027",34,1,1,12
"3028",35,1,1,12
"3029",35,1,1,12
"3030",35,1,1,12
"3031",35,1,1,12
"3032",35,1,1,12
"3033",35,1,1,12
"3034",35,1,1,12
"3035",35,1,1,12
"3036",35,1,1,12
"3037",35,1,1,12
"3038",35,1,1,12
"3039",35,1,1,12
"3040",36,1,1,12
"3041",36,1,1,12
"3042",37,1,1,12
"3043",37,1,1,12
"3044",38,1,1,12
"3045",38,1,1,12
"3046",38,1,1,12
"3047",38,1,1,12
"3048",38,1,1,12
"3049",38,1,1,12
"3050",38,1,1,12
"3051",38,1,1,12
"3052",38,1,1,12
"3053",38,1,1,12
"3054",38,1,1,12
"3055",39,1,1,12
"3056",39,1,1,12
"3057",39,1,1,12
"3058",39,1,1,12
"3059",40,1,1,12
"3060",40,1,1,12
"3061",40,1,1,12
"3062",40,1,1,12
"3063",40,1,1,12
"3064",40,1,1,12
"3065",40,1,1,12
"3066",41,1,1,12
"3067",41,1,1,12
"3068",41,1,1,12
"3069",41,1,1,12
"3070",41,1,1,12
"3071",41,1,1,12
"3072",42,1,1,12
"3073",42,1,1,12
"3074",42,1,1,12
"3075",42,1,1,12
"3076",43,1,1,12
"3077",43,1,1,12
"3078",43,1,1,12
"3079",43,1,1,12
"3080",44,1,1,12
"3081",44,1,1,12
"3082",44,1,1,12
"3083",45,1,1,12
"3084",45,1,1,12
"3085",45,1,1,12
"3086",45,1,1,12
"3087",45,1,1,12
"3088",46,1,1,12
"3089",47,1,1,12
"3090",47,1,1,12
"3091",48,1,1,12
"3092",48,1,1,12
"3093",48,1,1,12
"3094",49,1,1,12
"3095",49,1,1,12
"3096",50,1,1,12
"3097",52,1,1,12
"3098",55,1,1,12
"3099",56,1,1,12
"3100",58,1,1,12
"3101",25,2,1,12
"3102",27,2,1,12
"3103",27,2,1,12
"3104",28,2,1,12
"3105",29,2,1,12
"3106",29,2,1,12
"3107",29,2,1,12
"3108",29,2,1,12
"3109",29,2,1,12
"3110",29,2,1,12
"3111",29,2,1,12
"3112",29,2,1,12
"3113",29,2,1,12
"3114",29,2,1,12
"3115",30,2,1,12
"3116",30,2,1,12
"3117",30,2,1,12
"3118",30,2,1,12
"3119",30,2,1,12
"3120",30,2,1,12
"3121",30,2,1,12
"3122",30,2,1,12
"3123",30,2,1,12
"3124",31,2,1,12
"3125",31,2,1,12
"3126",31,2,1,12
"3127",31,2,1,12
"3128",31,2,1,12
"3129",31,2,1,12
"3130",31,2,1,12
"3131",32,2,1,12
"3132",32,2,1,12
"3133",32,2,1,12
"3134",32,2,1,12
"3135",32,2,1,12
"3136",33,2,1,12
"3137",33,2,1,12
"3138",33,2,1,12
"3139",33,2,1,12
"3140",33,2,1,12
"3141",33,2,1,12
"3142",33,2,1,12
"3143",34,2,1,12
"3144",34,2,1,12
"3145",34,2,1,12
"3146",34,2,1,12
"3147",34,2,1,12
"3148",35,2,1,12
"3149",35,2,1,12
"3150",35,2,1,12
"3151",35,2,1,12
"3152",35,2,1,12
"3153",35,2,1,12
"3154",36,2,1,12
"3155",36,2,1,12
"3156",36,2,1,12
"3157",36,2,1,12
"3158",36,2,1,12
"3159",36,2,1,12
"3160",36,2,1,12
"3161",37,2,1,12
"3162",37,2,1,12
"3163",37,2,1,12
"3164",37,2,1,12
"3165",37,2,1,12
"3166",38,2,1,12
"3167",38,2,1,12
"3168",38,2,1,12
"3169",38,2,1,12
"3170",38,2,1,12
"3171",38,2,1,12
"3172",38,2,1,12
"3173",38,2,1,12
"3174",38,2,1,12
"3175",39,2,1,12
"3176",39,2,1,12
"3177",39,2,1,12
"3178",40,2,1,12
"3179",40,2,1,12
"3180",40,2,1,12
"3181",40,2,1,12
"3182",40,2,1,12
"3183",40,2,1,12
"3184",41,2,1,12
"3185",41,2,1,12
"3186",41,2,1,12
"3187",41,2,1,12
"3188",41,2,1,12
"3189",42,2,1,12
"3190",42,2,1,12
"3191",42,2,1,12
"3192",42,2,1,12
"3193",42,2,1,12
"3194",42,2,1,12
"3195",43,2,1,12
"3196",44,2,1,12
"3197",45,2,1,12
"3198",47,2,1,12
"3199",47,2,1,12
"3200",56,2,1,12
"3201",30,1,2,12
"3202",30,1,2,12
"3203",31,1,2,12
"3204",32,1,2,12
"3205",33,1,2,12
"3206",34,1,2,12
"3207",34,1,2,12
"3208",34,1,2,12
"3209",34,1,2,12
"3210",35,1,2,12
"3211",35,1,2,12
"3212",35,1,2,12
"3213",35,1,2,12
"3214",35,1,2,12
"3215",35,1,2,12
"3216",35,1,2,12
"3217",36,1,2,12
"3218",36,1,2,12
"3219",36,1,2,12
"3220",36,1,2,12
"3221",36,1,2,12
"3222",36,1,2,12
"3223",36,1,2,12
"3224",37,1,2,12
"3225",37,1,2,12
"3226",37,1,2,12
"3227",37,1,2,12
"3228",38,1,2,12
"3229",38,1,2,12
"3230",38,1,2,12
"3231",38,1,2,12
"3232",38,1,2,12
"3233",39,1,2,12
"3234",39,1,2,12
"3235",39,1,2,12
"3236",39,1,2,12
"3237",39,1,2,12
"3238",39,1,2,12
"3239",39,1,2,12
"3240",39,1,2,12
"3241",39,1,2,12
"3242",39,1,2,12
"3243",39,1,2,12
"3244",39,1,2,12
"3245",39,1,2,12
"3246",39,1,2,12
"3247",40,1,2,12
"3248",40,1,2,12
"3249",40,1,2,12
"3250",40,1,2,12
"3251",40,1,2,12
"3252",40,1,2,12
"3253",40,1,2,12
"3254",41,1,2,12
"3255",41,1,2,12
"3256",41,1,2,12
"3257",41,1,2,12
"3258",41,1,2,12
"3259",41,1,2,12
"3260",41,1,2,12
"3261",41,1,2,12
"3262",41,1,2,12
"3263",42,1,2,12
"3264",42,1,2,12
"3265",43,1,2,12
"3266",43,1,2,12
"3267",43,1,2,12
"3268",43,1,2,12
"3269",43,1,2,12
"3270",44,1,2,12
"3271",44,1,2,12
"3272",44,1,2,12
"3273",44,1,2,12
"3274",44,1,2,12
"3275",44,1,2,12
"3276",44,1,2,12
"3277",45,1,2,12
"3278",45,1,2,12
"3279",45,1,2,12
"3280",45,1,2,12
"3281",45,1,2,12
"3282",46,1,2,12
"3283",46,1,2,12
"3284",46,1,2,12
"3285",47,1,2,12
"3286",47,1,2,12
"3287",47,1,2,12
"3288",47,1,2,12
"3289",47,1,2,12
"3290",48,1,2,12
"3291",49,1,2,12
"3292",49,1,2,12
"3293",50,1,2,12
"3294",50,1,2,12
"3295",50,1,2,12
"3296",51,1,2,12
"3297",52,1,2,12
"3298",53,1,2,12
"3299",53,1,2,12
"3300",54,1,2,12
"3301",32,2,2,12
"3302",33,2,2,12
"3303",35,2,2,12
"3304",36,2,2,12
"3305",36,2,2,12
"3306",36,2,2,12
"3307",36,2,2,12
"3308",36,2,2,12
"3309",37,2,2,12
"3310",37,2,2,12
"3311",37,2,2,12
"3312",37,2,2,12
"3313",38,2,2,12
"3314",38,2,2,12
"3315",38,2,2,12
"3316",38,2,2,12
"3317",38,2,2,12
"3318",38,2,2,12
"3319",38,2,2,12
"3320",38,2,2,12
"3321",38,2,2,12
"3322",39,2,2,12
"3323",39,2,2,12
"3324",39,2,2,12
"3325",39,2,2,12
"3326",39,2,2,12
"3327",39,2,2,12
"3328",40,2,2,12
"3329",40,2,2,12
"3330",40,2,2,12
"3331",41,2,2,12
"3332",41,2,2,12
"3333",41,2,2,12
"3334",41,2,2,12
"3335",41,2,2,12
"3336",41,2,2,12
"3337",42,2,2,12
"3338",42,2,2,12
"3339",42,2,2,12
"3340",42,2,2,12
"3341",42,2,2,12
"3342",42,2,2,12
"3343",42,2,2,12
"3344",42,2,2,12
"3345",42,2,2,12
"3346",42,2,2,12
"3347",43,2,2,12
"3348",43,2,2,12
"3349",43,2,2,12
"3350",43,2,2,12
"3351",43,2,2,12
"3352",44,2,2,12
"3353",44,2,2,12
"3354",44,2,2,12
"3355",44,2,2,12
"3356",45,2,2,12
"3357",45,2,2,12
"3358",45,2,2,12
"3359",45,2,2,12
"3360",45,2,2,12
"3361",46,2,2,12
"3362",46,2,2,12
"3363",46,2,2,12
"3364",46,2,2,12
"3365",46,2,2,12
"3366",46,2,2,12
"3367",46,2,2,12
"3368",46,2,2,12
"3369",46,2,2,12
"3370",46,2,2,12
"3371",46,2,2,12
"3372",46,2,2,12
"3373",47,2,2,12
"3374",47,2,2,12
"3375",47,2,2,12
"3376",47,2,2,12
"3377",47,2,2,12
"3378",47,2,2,12
"3379",48,2,2,12
"3380",48,2,2,12
"3381",48,2,2,12
"3382",48,2,2,12
"3383",48,2,2,12
"3384",48,2,2,12
"3385",48,2,2,12
"3386",49,2,2,12
"3387",49,2,2,12
"3388",49,2,2,12
"3389",50,2,2,12
"3390",50,2,2,12
"3391",50,2,2,12
"3392",50,2,2,12
"3393",51,2,2,12
"3394",51,2,2,12
"3395",52,2,2,12
"3396",53,2,2,12
"3397",54,2,2,12
"3398",55,2,2,12
"3399",56,2,2,12
"3400",57,2,2,12
"3401",30,1,1,14
"3402",30,1,1,14
"3403",31,1,1,14
"3404",31,1,1,14
"3405",31,1,1,14
"3406",32,1,1,14
"3407",32,1,1,14
"3408",32,1,1,14
"3409",32,1,1,14
"3410",33,1,1,14
"3411",33,1,1,14
"3412",33,1,1,14
"3413",34,1,1,14
"3414",34,1,1,14
"3415",34,1,1,14
"3416",35,1,1,14
"3417",35,1,1,14
"3418",35,1,1,14
"3419",35,1,1,14
"3420",35,1,1,14
"3421",35,1,1,14
"3422",35,1,1,14
"3423",35,1,1,14
"3424",35,1,1,14
"3425",35,1,1,14
"3426",35,1,1,14
"3427",36,1,1,14
"3428",36,1,1,14
"3429",36,1,1,14
"3430",36,1,1,14
"3431",36,1,1,14
"3432",36,1,1,14
"3433",36,1,1,14
"3434",37,1,1,14
"3435",37,1,1,14
"3436",37,1,1,14
"3437",37,1,1,14
"3438",37,1,1,14
"3439",37,1,1,14
"3440",37,1,1,14
"3441",38,1,1,14
"3442",38,1,1,14
"3443",38,1,1,14
"3444",38,1,1,14
"3445",38,1,1,14
"3446",38,1,1,14
"3447",38,1,1,14
"3448",39,1,1,14
"3449",39,1,1,14
"3450",39,1,1,14
"3451",39,1,1,14
"3452",39,1,1,14
"3453",39,1,1,14
"3454",39,1,1,14
"3455",39,1,1,14
"3456",39,1,1,14
"3457",39,1,1,14
"3458",39,1,1,14
"3459",40,1,1,14
"3460",40,1,1,14
"3461",40,1,1,14
"3462",40,1,1,14
"3463",40,1,1,14
"3464",40,1,1,14
"3465",40,1,1,14
"3466",40,1,1,14
"3467",40,1,1,14
"3468",41,1,1,14
"3469",41,1,1,14
"3470",41,1,1,14
"3471",41,1,1,14
"3472",42,1,1,14
"3473",42,1,1,14
"3474",42,1,1,14
"3475",42,1,1,14
"3476",43,1,1,14
"3477",43,1,1,14
"3478",43,1,1,14
"3479",43,1,1,14
"3480",43,1,1,14
"3481",43,1,1,14
"3482",44,1,1,14
"3483",44,1,1,14
"3484",44,1,1,14
"3485",45,1,1,14
"3486",45,1,1,14
"3487",45,1,1,14
"3488",46,1,1,14
"3489",46,1,1,14
"3490",47,1,1,14
"3491",47,1,1,14
"3492",48,1,1,14
"3493",48,1,1,14
"3494",49,1,1,14
"3495",49,1,1,14
"3496",51,1,1,14
"3497",51,1,1,14
"3498",52,1,1,14
"3499",53,1,1,14
"3500",53,1,1,14
"3501",27,1,1,13
"3502",30,1,1,13
"3503",30,1,1,13
"3504",30,1,1,13
"3505",31,1,1,13
"3506",31,1,1,13
"3507",31,1,1,13
"3508",31,1,1,13
"3509",31,1,1,13
"3510",32,1,1,13
"3511",32,1,1,13
"3512",32,1,1,13
"3513",33,1,1,13
"3514",33,1,1,13
"3515",33,1,1,13
"3516",33,1,1,13
"3517",34,1,1,13
"3518",34,1,1,13
"3519",35,1,1,13
"3520",35,1,1,13
"3521",35,1,1,13
"3522",35,1,1,13
"3523",36,1,1,13
"3524",36,1,1,13
"3525",36,1,1,13
"3526",36,1,1,13
"3527",36,1,1,13
"3528",37,1,1,13
"3529",37,1,1,13
"3530",37,1,1,13
"3531",37,1,1,13
"3532",37,1,1,13
"3533",37,1,1,13
"3534",37,1,1,13
"3535",37,1,1,13
"3536",37,1,1,13
"3537",37,1,1,13
"3538",37,1,1,13
"3539",37,1,1,13
"3540",37,1,1,13
"3541",38,1,1,13
"3542",38,1,1,13
"3543",38,1,1,13
"3544",38,1,1,13
"3545",38,1,1,13
"3546",38,1,1,13
"3547",38,1,1,13
"3548",38,1,1,13
"3549",39,1,1,13
"3550",39,1,1,13
"3551",39,1,1,13
"3552",39,1,1,13
"3553",39,1,1,13
"3554",39,1,1,13
"3555",39,1,1,13
"3556",39,1,1,13
"3557",40,1,1,13
"3558",40,1,1,13
"3559",40,1,1,13
"3560",40,1,1,13
"3561",40,1,1,13
"3562",40,1,1,13
"3563",40,1,1,13
"3564",41,1,1,13
"3565",41,1,1,13
"3566",41,1,1,13
"3567",41,1,1,13
"3568",42,1,1,13
"3569",42,1,1,13
"3570",42,1,1,13
"3571",42,1,1,13
"3572",43,1,1,13
"3573",43,1,1,13
"3574",43,1,1,13
"3575",43,1,1,13
"3576",43,1,1,13
"3577",43,1,1,13
"3578",43,1,1,13
"3579",44,1,1,13
"3580",44,1,1,13
"3581",44,1,1,13
"3582",45,1,1,13
"3583",45,1,1,13
"3584",45,1,1,13
"3585",45,1,1,13
"3586",46,1,1,13
"3587",46,1,1,13
"3588",46,1,1,13
"3589",46,1,1,13
"3590",47,1,1,13
"3591",48,1,1,13
"3592",49,1,1,13
"3593",50,1,1,13
"3594",50,1,1,13
"3595",52,1,1,13
"3596",52,1,1,13
"3597",53,1,1,13
"3598",54,1,1,13
"3599",55,1,1,13
"3600",58,1,1,13
"3601",31,2,1,13
"3602",32,2,1,13
"3603",34,2,1,13
"3604",34,2,1,13
"3605",34,2,1,13
"3606",34,2,1,13
"3607",36,2,1,13
"3608",36,2,1,13
"3609",37,2,1,13
"3610",37,2,1,13
"3611",37,2,1,13
"3612",38,2,1,13
"3613",38,2,1,13
"3614",38,2,1,13
"3615",38,2,1,13
"3616",38,2,1,13
"3617",38,2,1,13
"3618",38,2,1,13
"3619",38,2,1,13
"3620",38,2,1,13
"3621",38,2,1,13
"3622",39,2,1,13
"3623",39,2,1,13
"3624",39,2,1,13
"3625",39,2,1,13
"3626",39,2,1,13
"3627",39,2,1,13
"3628",39,2,1,13
"3629",39,2,1,13
"3630",39,2,1,13
"3631",40,2,1,13
"3632",40,2,1,13
"3633",40,2,1,13
"3634",40,2,1,13
"3635",40,2,1,13
"3636",40,2,1,13
"3637",40,2,1,13
"3638",40,2,1,13
"3639",40,2,1,13
"3640",40,2,1,13
"3641",41,2,1,13
"3642",41,2,1,13
"3643",41,2,1,13
"3644",42,2,1,13
"3645",42,2,1,13
"3646",42,2,1,13
"3647",42,2,1,13
"3648",42,2,1,13
"3649",42,2,1,13
"3650",42,2,1,13
"3651",42,2,1,13
"3652",42,2,1,13
"3653",42,2,1,13
"3654",43,2,1,13
"3655",43,2,1,13
"3656",43,2,1,13
"3657",43,2,1,13
"3658",43,2,1,13
"3659",43,2,1,13
"3660",43,2,1,13
"3661",43,2,1,13
"3662",44,2,1,13
"3663",44,2,1,13
"3664",44,2,1,13
"3665",44,2,1,13
"3666",44,2,1,13
"3667",44,2,1,13
"3668",44,2,1,13
"3669",45,2,1,13
"3670",45,2,1,13
"3671",45,2,1,13
"3672",45,2,1,13
"3673",45,2,1,13
"3674",45,2,1,13
"3675",46,2,1,13
"3676",46,2,1,13
"3677",46,2,1,13
"3678",46,2,1,13
"3679",46,2,1,13
"3680",47,2,1,13
"3681",47,2,1,13
"3682",47,2,1,13
"3683",47,2,1,13
"3684",47,2,1,13
"3685",48,2,1,13
"3686",48,2,1,13
"3687",48,2,1,13
"3688",49,2,1,13
"3689",50,2,1,13
"3690",50,2,1,13
"3691",50,2,1,13
"3692",50,2,1,13
"3693",51,2,1,13
"3694",51,2,1,13
"3695",51,2,1,13
"3696",52,2,1,13
"3697",54,2,1,13
"3698",55,2,1,13
"3699",55,2,1,13
"3700",56,2,1,13
"3701",33,2,1,14
"3702",33,2,1,14
"3703",34,2,1,14
"3704",34,2,1,14
"3705",36,2,1,14
"3706",36,2,1,14
"3707",37,2,1,14
"3708",37,2,1,14
"3709",37,2,1,14
"3710",37,2,1,14
"3711",37,2,1,14
"3712",37,2,1,14
"3713",38,2,1,14
"3714",38,2,1,14
"3715",38,2,1,14
"3716",38,2,1,14
"3717",38,2,1,14
"3718",38,2,1,14
"3719",38,2,1,14
"3720",38,2,1,14
"3721",38,2,1,14
"3722",38,2,1,14
"3723",38,2,1,14
"3724",39,2,1,14
"3725",39,2,1,14
"3726",39,2,1,14
"3727",39,2,1,14
"3728",39,2,1,14
"3729",39,2,1,14
"3730",39,2,1,14
"3731",39,2,1,14
"3732",39,2,1,14
"3733",39,2,1,14
"3734",39,2,1,14
"3735",40,2,1,14
"3736",40,2,1,14
"3737",40,2,1,14
"3738",40,2,1,14
"3739",40,2,1,14
"3740",40,2,1,14
"3741",40,2,1,14
"3742",40,2,1,14
"3743",40,2,1,14
"3744",41,2,1,14
"3745",41,2,1,14
"3746",41,2,1,14
"3747",41,2,1,14
"3748",41,2,1,14
"3749",42,2,1,14
"3750",42,2,1,14
"3751",42,2,1,14
"3752",42,2,1,14
"3753",42,2,1,14
"3754",43,2,1,14
"3755",43,2,1,14
"3756",43,2,1,14
"3757",43,2,1,14
"3758",43,2,1,14
"3759",43,2,1,14
"3760",43,2,1,14
"3761",43,2,1,14
"3762",43,2,1,14
"3763",44,2,1,14
"3764",44,2,1,14
"3765",44,2,1,14
"3766",44,2,1,14
"3767",44,2,1,14
"3768",44,2,1,14
"3769",44,2,1,14
"3770",44,2,1,14
"3771",44,2,1,14
"3772",44,2,1,14
"3773",45,2,1,14
"3774",45,2,1,14
"3775",45,2,1,14
"3776",45,2,1,14
"3777",46,2,1,14
"3778",46,2,1,14
"3779",46,2,1,14
"3780",46,2,1,14
"3781",46,2,1,14
"3782",46,2,1,14
"3783",46,2,1,14
"3784",46,2,1,14
"3785",47,2,1,14
"3786",47,2,1,14
"3787",47,2,1,14
"3788",47,2,1,14
"3789",48,2,1,14
"3790",48,2,1,14
"3791",49,2,1,14
"3792",49,2,1,14
"3793",49,2,1,14
"3794",49,2,1,14
"3795",49,2,1,14
"3796",52,2,1,14
"3797",52,2,1,14
"3798",53,2,1,14
"3799",54,2,1,14
"3800",59,2,1,14
"3801",32,1,2,13
"3802",33,1,2,13
"3803",33,1,2,13
"3804",33,1,2,13
"3805",34,1,2,13
"3806",35,1,2,13
"3807",35,1,2,13
"3808",36,1,2,13
"3809",37,1,2,13
"3810",37,1,2,13
"3811",37,1,2,13
"3812",37,1,2,13
"3813",37,1,2,13
"3814",38,1,2,13
"3815",38,1,2,13
"3816",38,1,2,13
"3817",38,1,2,13
"3818",38,1,2,13
"3819",39,1,2,13
"3820",39,1,2,13
"3821",39,1,2,13
"3822",39,1,2,13
"3823",39,1,2,13
"3824",39,1,2,13
"3825",40,1,2,13
"3826",40,1,2,13
"3827",40,1,2,13
"3828",40,1,2,13
"3829",40,1,2,13
"3830",40,1,2,13
"3831",40,1,2,13
"3832",40,1,2,13
"3833",40,1,2,13
"3834",41,1,2,13
"3835",41,1,2,13
"3836",41,1,2,13
"3837",42,1,2,13
"3838",42,1,2,13
"3839",42,1,2,13
"3840",42,1,2,13
"3841",42,1,2,13
"3842",42,1,2,13
"3843",42,1,2,13
"3844",42,1,2,13
"3845",43,1,2,13
"3846",43,1,2,13
"3847",43,1,2,13
"3848",44,1,2,13
"3849",44,1,2,13
"3850",44,1,2,13
"3851",44,1,2,13
"3852",44,1,2,13
"3853",44,1,2,13
"3854",44,1,2,13
"3855",45,1,2,13
"3856",45,1,2,13
"3857",45,1,2,13
"3858",45,1,2,13
"3859",45,1,2,13
"3860",46,1,2,13
"3861",46,1,2,13
"3862",46,1,2,13
"3863",46,1,2,13
"3864",46,1,2,13
"3865",47,1,2,13
"3866",47,1,2,13
"3867",47,1,2,13
"3868",48,1,2,13
"3869",48,1,2,13
"3870",48,1,2,13
"3871",48,1,2,13
"3872",48,1,2,13
"3873",49,1,2,13
"3874",49,1,2,13
"3875",49,1,2,13
"3876",49,1,2,13
"3877",49,1,2,13
"3878",50,1,2,13
"3879",50,1,2,13
"3880",50,1,2,13
"3881",51,1,2,13
"3882",51,1,2,13
"3883",51,1,2,13
"3884",51,1,2,13
"3885",52,1,2,13
"3886",52,1,2,13
"3887",53,1,2,13
"3888",53,1,2,13
"3889",54,1,2,13
"3890",54,1,2,13
"3891",55,1,2,13
"3892",55,1,2,13
"3893",55,1,2,13
"3894",55,1,2,13
"3895",55,1,2,13
"3896",56,1,2,13
"3897",57,1,2,13
"3898",58,1,2,13
"3899",59,1,2,13
"3900",65,1,2,13
"3901",31,1,2,14
"3902",34,1,2,14
"3903",35,1,2,14
"3904",36,1,2,14
"3905",37,1,2,14
"3906",38,1,2,14
"3907",38,1,2,14
"3908",39,1,2,14
"3909",39,1,2,14
"3910",39,1,2,14
"3911",39,1,2,14
"3912",39,1,2,14
"3913",40,1,2,14
"3914",40,1,2,14
"3915",40,1,2,14
"3916",40,1,2,14
"3917",40,1,2,14
"3918",40,1,2,14
"3919",40,1,2,14
"3920",40,1,2,14
"3921",40,1,2,14
"3922",41,1,2,14
"3923",41,1,2,14
"3924",41,1,2,14
"3925",41,1,2,14
"3926",41,1,2,14
"3927",41,1,2,14
"3928",41,1,2,14
"3929",41,1,2,14
"3930",42,1,2,14
"3931",42,1,2,14
"3932",42,1,2,14
"3933",42,1,2,14
"3934",42,1,2,14
"3935",42,1,2,14
"3936",42,1,2,14
"3937",42,1,2,14
"3938",42,1,2,14
"3939",43,1,2,14
"3940",43,1,2,14
"3941",43,1,2,14
"3942",43,1,2,14
"3943",43,1,2,14
"3944",44,1,2,14
"3945",44,1,2,14
"3946",44,1,2,14
"3947",44,1,2,14
"3948",44,1,2,14
"3949",45,1,2,14
"3950",45,1,2,14
"3951",45,1,2,14
"3952",45,1,2,14
"3953",45,1,2,14
"3954",45,1,2,14
"3955",45,1,2,14
"3956",45,1,2,14
"3957",45,1,2,14
"3958",46,1,2,14
"3959",46,1,2,14
"3960",46,1,2,14
"3961",46,1,2,14
"3962",46,1,2,14
"3963",46,1,2,14
"3964",46,1,2,14
"3965",46,1,2,14
"3966",46,1,2,14
"3967",46,1,2,14
"3968",46,1,2,14
"3969",47,1,2,14
"3970",47,1,2,14
"3971",47,1,2,14
"3972",47,1,2,14
"3973",47,1,2,14
"3974",47,1,2,14
"3975",48,1,2,14
"3976",48,1,2,14
"3977",48,1,2,14
"3978",48,1,2,14
"3979",48,1,2,14
"3980",48,1,2,14
"3981",49,1,2,14
"3982",49,1,2,14
"3983",49,1,2,14
"3984",49,1,2,14
"3985",50,1,2,14
"3986",50,1,2,14
"3987",50,1,2,14
"3988",50,1,2,14
"3989",50,1,2,14
"3990",51,1,2,14
"3991",51,1,2,14
"3992",51,1,2,14
"3993",52,1,2,14
"3994",52,1,2,14
"3995",52,1,2,14
"3996",52,1,2,14
"3997",54,1,2,14
"3998",54,1,2,14
"3999",55,1,2,14
"4000",63,1,2,14
"4001",35,2,2,14
"4002",35,2,2,14
"4003",37,2,2,14
"4004",37,2,2,14
"4005",38,2,2,14
"4006",38,2,2,14
"4007",38,2,2,14
"4008",38,2,2,14
"4009",38,2,2,14
"4010",39,2,2,14
"4011",39,2,2,14
"4012",40,2,2,14
"4013",40,2,2,14
"4014",40,2,2,14
"4015",40,2,2,14
"4016",40,2,2,14
"4017",40,2,2,14
"4018",40,2,2,14
"4019",40,2,2,14
"4020",40,2,2,14
"4021",40,2,2,14
"4022",41,2,2,14
"4023",41,2,2,14
"4024",41,2,2,14
"4025",41,2,2,14
"4026",41,2,2,14
"4027",41,2,2,14
"4028",41,2,2,14
"4029",41,2,2,14
"4030",41,2,2,14
"4031",41,2,2,14
"4032",41,2,2,14
"4033",42,2,2,14
"4034",42,2,2,14
"4035",42,2,2,14
"4036",42,2,2,14
"4037",42,2,2,14
"4038",42,2,2,14
"4039",42,2,2,14
"4040",42,2,2,14
"4041",43,2,2,14
"4042",43,2,2,14
"4043",43,2,2,14
"4044",43,2,2,14
"4045",43,2,2,14
"4046",43,2,2,14
"4047",43,2,2,14
"4048",43,2,2,14
"4049",43,2,2,14
"4050",43,2,2,14
"4051",43,2,2,14
"4052",43,2,2,14
"4053",43,2,2,14
"4054",44,2,2,14
"4055",44,2,2,14
"4056",44,2,2,14
"4057",44,2,2,14
"4058",45,2,2,14
"4059",45,2,2,14
"4060",45,2,2,14
"4061",45,2,2,14
"4062",45,2,2,14
"4063",45,2,2,14
"4064",45,2,2,14
"4065",45,2,2,14
"4066",46,2,2,14
"4067",46,2,2,14
"4068",46,2,2,14
"4069",46,2,2,14
"4070",46,2,2,14
"4071",46,2,2,14
"4072",46,2,2,14
"4073",46,2,2,14
"4074",47,2,2,14
"4075",47,2,2,14
"4076",47,2,2,14
"4077",47,2,2,14
"4078",47,2,2,14
"4079",48,2,2,14
"4080",48,2,2,14
"4081",48,2,2,14
"4082",48,2,2,14
"4083",49,2,2,14
"4084",49,2,2,14
"4085",49,2,2,14
"4086",49,2,2,14
"4087",49,2,2,14
"4088",49,2,2,14
"4089",50,2,2,14
"4090",50,2,2,14
"4091",50,2,2,14
"4092",50,2,2,14
"4093",51,2,2,14
"4094",52,2,2,14
"4095",52,2,2,14
"4096",52,2,2,14
"4097",53,2,2,14
"4098",56,2,2,14
"4099",59,2,2,14
"4100",60,2,2,14
"4101",34,2,2,13
"4102",35,2,2,13
"4103",36,2,2,13
"4104",37,2,2,13
"4105",37,2,2,13
"4106",38,2,2,13
"4107",38,2,2,13
"4108",38,2,2,13
"4109",38,2,2,13
"4110",38,2,2,13
"4111",39,2,2,13
"4112",40,2,2,13
"4113",40,2,2,13
"4114",40,2,2,13
"4115",41,2,2,13
"4116",41,2,2,13
"4117",41,2,2,13
"4118",41,2,2,13
"4119",42,2,2,13
"4120",42,2,2,13
"4121",42,2,2,13
"4122",42,2,2,13
"4123",43,2,2,13
"4124",43,2,2,13
"4125",43,2,2,13
"4126",44,2,2,13
"4127",44,2,2,13
"4128",44,2,2,13
"4129",44,2,2,13
"4130",44,2,2,13
"4131",44,2,2,13
"4132",45,2,2,13
"4133",45,2,2,13
"4134",45,2,2,13
"4135",45,2,2,13
"4136",46,2,2,13
"4137",46,2,2,13
"4138",46,2,2,13
"4139",47,2,2,13
"4140",47,2,2,13
"4141",47,2,2,13
"4142",48,2,2,13
"4143",48,2,2,13
"4144",48,2,2,13
"4145",48,2,2,13
"4146",48,2,2,13
"4147",49,2,2,13
"4148",49,2,2,13
"4149",49,2,2,13
"4150",49,2,2,13
"4151",50,2,2,13
"4152",50,2,2,13
"4153",50,2,2,13
"4154",50,2,2,13
"4155",50,2,2,13
"4156",50,2,2,13
"4157",51,2,2,13
"4158",51,2,2,13
"4159",51,2,2,13
"4160",51,2,2,13
"4161",51,2,2,13
"4162",52,2,2,13
"4163",52,2,2,13
"4164",52,2,2,13
"4165",52,2,2,13
"4166",52,2,2,13
"4167",53,2,2,13
"4168",53,2,2,13
"4169",53,2,2,13
"4170",54,2,2,13
"4171",54,2,2,13
"4172",54,2,2,13
"4173",55,2,2,13
"4174",55,2,2,13
"4175",55,2,2,13
"4176",55,2,2,13
"4177",55,2,2,13
"4178",56,2,2,13
"4179",56,2,2,13
"4180",56,2,2,13
"4181",56,2,2,13
"4182",56,2,2,13
"4183",57,2,2,13
"4184",57,2,2,13
"4185",58,2,2,13
"4186",59,2,2,13
"4187",59,2,2,13
"4188",59,2,2,13
"4189",61,2,2,13
"4190",62,2,2,13
"4191",62,2,2,13
"4192",62,2,2,13
"4193",62,2,2,13
"4194",62,2,2,13
"4195",63,2,2,13
"4196",64,2,2,13
"4197",64,2,2,13
"4198",64,2,2,13
"4199",65,2,2,13
"4200",67,2,2,13
"4201",28,1,2,5
"4202",29,1,2,5
"4203",30,1,2,5
"4204",30,1,2,5
"4205",31,1,2,5
"4206",31,1,2,5
"4207",32,1,2,5
"4208",32,1,2,5
"4209",32,1,2,5
"4210",32,1,2,5
"4211",33,1,2,5
"4212",34,1,2,5
"4213",34,1,2,5
"4214",34,1,2,5
"4215",34,1,2,5
"4216",34,1,2,5
"4217",35,1,2,5
"4218",35,1,2,5
"4219",35,1,2,5
"4220",35,1,2,5
"4221",35,1,2,5
"4222",35,1,2,5
"4223",35,1,2,5
"4224",36,1,2,5
"4225",36,1,2,5
"4226",36,1,2,5
"4227",36,1,2,5
"4228",36,1,2,5
"4229",36,1,2,5
"4230",36,1,2,5
"4231",37,1,2,5
"4232",37,1,2,5
"4233",37,1,2,5
"4234",37,1,2,5
"4235",37,1,2,5
"4236",37,1,2,5
"4237",37,1,2,5
"4238",37,1,2,5
"4239",37,1,2,5
"4240",38,1,2,5
"4241",38,1,2,5
"4242",38,1,2,5
"4243",38,1,2,5
"4244",38,1,2,5
"4245",38,1,2,5
"4246",38,1,2,5
"4247",38,1,2,5
"4248",38,1,2,5
"4249",38,1,2,5
"4250",38,1,2,5
"4251",39,1,2,5
"4252",39,1,2,5
"4253",39,1,2,5
"4254",39,1,2,5
"4255",39,1,2,5
"4256",39,1,2,5
"4257",39,1,2,5
"4258",39,1,2,5
"4259",40,1,2,5
"4260",40,1,2,5
"4261",40,1,2,5
"4262",40,1,2,5
"4263",40,1,2,5
"4264",40,1,2,5
"4265",40,1,2,5
"4266",40,1,2,5
"4267",40,1,2,5
"4268",40,1,2,5
"4269",40,1,2,5
"4270",41,1,2,5
"4271",41,1,2,5
"4272",41,1,2,5
"4273",41,1,2,5
"4274",41,1,2,5
"4275",42,1,2,5
"4276",42,1,2,5
"4277",42,1,2,5
"4278",42,1,2,5
"4279",42,1,2,5
"4280",43,1,2,5
"4281",43,1,2,5
"4282",43,1,2,5
"4283",43,1,2,5
"4284",43,1,2,5
"4285",43,1,2,5
"4286",43,1,2,5
"4287",43,1,2,5
"4288",44,1,2,5
"4289",44,1,2,5
"4290",44,1,2,5
"4291",44,1,2,5
"4292",44,1,2,5
"4293",45,1,2,5
"4294",46,1,2,5
"4295",47,1,2,5
"4296",48,1,2,5
"4297",48,1,2,5
"4298",50,1,2,5
"4299",51,1,2,5
"4300",51,1,2,5
"4301",30,2,2,5
"4302",31,2,2,5
"4303",31,2,2,5
"4304",32,2,2,5
"4305",32,2,2,5
"4306",32,2,2,5
"4307",33,2,2,5
"4308",33,2,2,5
"4309",33,2,2,5
"4310",34,2,2,5
"4311",34,2,2,5
"4312",34,2,2,5
"4313",34,2,2,5
"4314",34,2,2,5
"4315",34,2,2,5
"4316",34,2,2,5
"4317",34,2,2,5
"4318",35,2,2,5
"4319",35,2,2,5
"4320",35,2,2,5
"4321",35,2,2,5
"4322",35,2,2,5
"4323",35,2,2,5
"4324",36,2,2,5
"4325",36,2,2,5
"4326",36,2,2,5
"4327",36,2,2,5
"4328",36,2,2,5
"4329",36,2,2,5
"4330",36,2,2,5
"4331",36,2,2,5
"4332",36,2,2,5
"4333",36,2,2,5
"4334",36,2,2,5
"4335",36,2,2,5
"4336",37,2,2,5
"4337",37,2,2,5
"4338",37,2,2,5
"4339",37,2,2,5
"4340",37,2,2,5
"4341",37,2,2,5
"4342",37,2,2,5
"4343",37,2,2,5
"4344",38,2,2,5
"4345",38,2,2,5
"4346",38,2,2,5
"4347",38,2,2,5
"4348",38,2,2,5
"4349",38,2,2,5
"4350",38,2,2,5
"4351",38,2,2,5
"4352",38,2,2,5
"4353",38,2,2,5
"4354",38,2,2,5
"4355",38,2,2,5
"4356",38,2,2,5
"4357",39,2,2,5
"4358",39,2,2,5
"4359",39,2,2,5
"4360",39,2,2,5
"4361",39,2,2,5
"4362",40,2,2,5
"4363",40,2,2,5
"4364",40,2,2,5
"4365",40,2,2,5
"4366",40,2,2,5
"4367",40,2,2,5
"4368",40,2,2,5
"4369",40,2,2,5
"4370",40,2,2,5
"4371",40,2,2,5
"4372",40,2,2,5
"4373",41,2,2,5
"4374",41,2,2,5
"4375",41,2,2,5
"4376",41,2,2,5
"4377",41,2,2,5
"4378",41,2,2,5
"4379",41,2,2,5
"4380",41,2,2,5
"4381",41,2,2,5
"4382",41,2,2,5
"4383",42,2,2,5
"4384",42,2,2,5
"4385",42,2,2,5
"4386",43,2,2,5
"4387",43,2,2,5
"4388",43,2,2,5
"4389",44,2,2,5
"4390",46,2,2,5
"4391",46,2,2,5
"4392",47,2,2,5
"4393",47,2,2,5
"4394",47,2,2,5
"4395",50,2,2,5
"4396",51,2,2,5
"4397",51,2,2,5
"4398",51,2,2,5
"4399",54,2,2,5
"4400",54,2,2,5
